0,CoD Hex,CoD Binary,CoD Bits,Bluetooth Device Example,Confirmed
1,0x000908,000000000000100100001000,"none | 11,8 | 3Major Service Class none Major Device Class CoD Bits 8,11: Health Minor Device Class CoD Bit 3: Thermometer",ThermometerUnknown Wearable Bluetooth Headset,00:15:B4 – Polymap Wireless LLC
1,0x000000,000000000000000000000000,noneMajor Service Class none Major Device Class none Minor Device Class none,noneDell Wireless 370 Bluetooth Mini-card Dell Wireless 370 Bluetooth Mini-card Dell Wireless 370 Bluetooth Mini-card Vehicle Printek Mt2 Series Mobile Printer Bluetooth2.1+EDR CLASS1,"00:16:44 – LITE-ON Technology Co 70:F1:A1 – Liteon Technology Corporation 00:25:56 – Hon Hai Precision Ind. Co., Ltd. 00:09:71 – Time Management, Inc. 00:12:F3 – connectBlue AB 00:15:83 – IVT corporation"
2,0x000020,000000000000000000100000,"17 | 9,8 | noneMajor Service Class none Major Device Class none Minor Device Class CoD Bit 5: Unknown",UnknownTC1920 32-Bit Single-Chip Microcontroller,00:03:19 – Infineon AG
3,0x001101,000000000001000100000001,"none | 12,8 | none | 0Major Service Class none Major Device Class CoD Bits 12,8: All other values reserved Minor Device Class none Format Type CoD Bits 0",nonePossible SMA Solar Panel Controller,00:80:25 – STOLLMANN GMBH
4,0x001f00,000000000001111100000000,"none | 12,11,10,9,8 | noneMajor Service Class none Major Device Class CoD Bits 12,11,10,9,8: Uncategorized, specific device code not specified Minor Device Class none",noneOBDII HOLUX GPSlim240 none Tasman GPS TomTom Remote Control TomTom ONE XL TomTom ONE Serial Adaptor TomTom ONEv4 K40 Slave – Radar & Laser Defuser TomTom GO 300 Broadcom Bluetooth Device Bluetooth GPS – BTGPS OBDII M FireFly Bluetooth Serial Adapter,"00:19:5D ShenZhen XinHuaTong Opto Electronics Co.,Ltd 00:0B:0B – Corrent Corporation 00:06:66 – Roving Networks 00:12:6F – Rayson Technology Co., Ltd. 00:13:6C – Tomtom 00:13:6C – Tomtom 00:13:6C – Tomtom 00:18:DB – EPL Technology Ltd 00:13:6C – Tomtom 00:14:74 – K40 Electronics 00:13:6C – TomTom 40:2C:F4 – Universal Global Scientific Industrial Co., Ltd. 00:02:78 – Samsung Electro-Mechanics Co., Ltd. 00:02:5B – Cambridge Silicon Radio 00:06:66 – Roving Networks"
5,0x001f1f,000000000001111100011111,"none | 12,11,10,9,8 | 4,3,2 | 1,0Major Service Class none Major Device Class CoD Bits 8,9,10,11,12: Uncategorized, specific device code not specified Minor Device Class CoD Bits 2,3,4: Unknown Format Type CoD Bits 0,1",Unknownunknown,"00:19:5D – ShenZhen XinHuaTong Opto Electronics Co.,Ltd"
6,0x0020fc,000000000010000011111100,"13 | none | 7,6,5,4,3,2Major Service Class CoD Bit 13: Limited Discoverable Mode [Ref #1] Major Device Class none Minor Device Class CoD Bits 2,3,4,5,6,7: Unknown",UnknownSony Ericsson LiveView Phone Remote w/Micro Display,B8:F9:34 – Sony Ericsson Mobile Communications AB
7,0x011f00,000000010001111100000000,"16 | 12,11,10,9,8 | noneMajor Service Class CoD Bit 16: Positioning (Location identification) Major Device Class CoD Bits 8,9,10,11,12: Uncategorized, specific device code not specified Minor Device Class none",noneUnknown,"00:03:7A – Taiyo Yuden Co., Ltd"
8,0x020000,000000100000000000000000,"23,22,21,20,19,18,17,16 | 8 | 2Major Service Class CoD Bit 17: Networking (LAN, Ad hoc, …) Major Device Class none Minor Device Class none",Desktop WorkstationWindows Desktop Computer,"74:F0:6D – AzureWave Technologies, Inc."
9,0x100000,000100000000000000000000,"20 | none | noneMajor Service Class CoD Bit 20: Object Transfer (v-Inbox, v-Folder, …) Major Device Class none Minor Device Class none",noneUnknown,00:24:01 – D-Link Corporation
1,0x000104,000000000000000100000100,"none | 8 | 2Major Service Class None Major Device Class CoD Bits 8: Computer (desktop,notebook, PDA, organizers, …. ) Minor Device Class CoD Bits 2: Desktop Workstation",Desktop WorkstationDesktop PC Unknown W7AMD – AMD Process w/Windows 7,"00:25:56 – Hon Hai Precision Ind. Co., Ltd. 00:1A:70 – Cisco-Linksys, LLC 9C:B7:0D – Liteon Technology Corporation"
2,0x000116,000000000000000100010110,"none | 8 | 4,2 | 1Major Service Class Major Device Class CoD Bits 8: Computer (desktop,notebook, PDA, organizers, …. ) Minor Device Class CoD Bits 2,4: Palm sized PC/PDA Format Type CoD Bits 1",Palm sized PC/PDAGumstix Overo Air single-board,00:80:37 – Ericsson Group
3,0x00010c,000000000000000100001100,"8 | 3 | 2Major Service Class Major Device Class CoD Bits 8: Computer (desktop,notebook, PDA, organizers, …. ) Minor Device Class CoD Bits 2,3: Laptop",LaptopLaptop Acer Aspire 7745 Lenovo Thinkpad L430,"00:03:7A – Taiyo Yuden Co., Ltd 5C:AC:4C – Hon Hai Precision Ind. Co.,Ltd. 7C:E9:D3 – Hon Hai Precision Ind. Co.,Ltd."
4,0x020104,000000100000000100000100,"17 | 8 | 2Major Service Class CoD Bit 17: Networking (LAN, Ad hoc, …) Major Device Class CoD Bits 8: Computer (desktop,notebook, PDA, organizers, …. ) Minor Device Class CoD Bits 2: Desktop Workstation",Desktop WorkstationDesktop PC Unknown,00:21:86 – USI 00:0D:F0 – QCOM TECHNOLOGY INC.
5,0x02010c,000000100000000100001100,"17 | 8 | 3,2Major Service Class CoD Bit 17: Networking (LAN, Ad hoc, …) Major Device Class CoD Bits 8: Computer (desktop,notebook, PDA, organizers, …. ) Minor Device Class CoD Bit 2,3: Laptop",LaptopLaptop Samsung RC Series 9 (RCSERIES9) AmbuPro EMS ePCR Software (EMSEPCR40) HP TouchSmart (HPTS-PC),"E0:AE:5E – Cambridge Silicon Radio (10) C4:85:08 – Intel Corporation E0:AE:5E – ALPS Electric Co,. Ltd. DC:85:DE – Azurewave Technologies., inc."
6,0x020110,000000100000000100010000,"17 | 8 | 4Major Service Class CoD Bit 17: Networking (LAN, Ad hoc, …) Major Device Class CoD Bits 8: Computer (desktop,notebook, PDA, organizers, …. ) Minor Device Class CoD Bits 4: Handheld PC/PDA (clam shell)",Handheld PC/PDAMicrosoft PDA Computer,60:45:BD – Microsoft
7,0x022100,000000100010000100000000,"17,13 | 8 | noneMajor Service Class CoD Bit 17: Networking (LAN, Ad hoc, …) CoD Bit 13: Limited Discoverable Mode [Ref #1] Major Device Class CoD Bits 8: Computer (desktop,notebook, PDA, organizers, …. ) Minor Device Class CoD Bits None: Uncategorized, code for device not assigned",UncategorizedUnknown,00:80:98 – TDK CORPORATION
8,0x060104,000001100000000100000100,"18,17 | 8 | 2Major Service Class CoD Bit 18: Rendering (Printing, Speaker, …) CoD Bit 17: Networking (LAN, Ad hoc, …) Major Device Class CoD Bits 8: Computer (desktop,notebook, PDA, organizers, …. ) Minor Device Class CoD Bits 2: Desktop Workstation",Desktop WorkstationiBuyPower Windows 7 Desktop Unknown Desktop PC,00:02:72 – CC&C Technologies D0:DF:9A – Liteon Technology Corporation
9,0x06010c,000001100000000100001100,"18,17 | 8 | 3,2Major Service Class CoD Bit 18: Rendering (Printing, Speaker, …) CoD Bit 17: Networking (LAN, Ad hoc, …) Major Device Class CoD Bits 8: Computer (desktop,notebook, PDA, organizers, …. ) Minor Device Class CoD Bits 2,3: Laptop",LaptopUnknown Desktop,"5C:AC:4C – Hon Hai Precision Ind. Co.,Ltd."
10,0x0a0110,000010100000000100010000,"19,17 | 8 | 4Major Service Class CoD Bit 19: Capturing (Scanner, Microphone, …) CoD Bit 17: Networking (LAN, Ad hoc, …) Major Device Class CoD Bits 8: Computer (desktop,notebook, PDA, organizers, …. ) Minor Device Class CoD Bits 4: Handheld PC/PDA (clam shell)",Handheld PC/PDABlackberry PlayBook Unknown,14:74:11 – Rim A0:6C:EC – Rim
11,0x0c010c,000011000000000100001100,"19,18 | 8 | 3,2Major Service Class CoD Bit 19: Capturing (Scanner, Microphone, …) CoD Bit 18: Rendering (Printing, Speaker, …) Major Device Class CoD Bits 8: Computer (desktop,notebook, PDA, organizers, …. ) Minor Device Class CoD Bits 2,3: Laptop",LaptopLaptop Nokia 2600c-2b,"00:03:7A – Taiyo Yuden Co., Ltd"
12,0x0c010f,000011000000000100001111,"19,18 | 8 | 3,2 | 1,0Major Service Class CoD Bit 19: Capturing (Scanner, Microphone, …) CoD Bit 18: Rendering (Printing, Speaker, …) Major Device Class CoD Bits 8: Computer (desktop,notebook, PDA, organizers, …. ) Minor Device Class CoD Bits 2,3: Laptop Format Type CoD Bits 1,0",LaptopLaptop,"00:22:58 – Taiyo Yuden Co., Ltd."
13,0x10010c,000100000000000100001100,"20 | 8 | 3,2Major Service Class CoD Bit 20: Object Transfer (v-Inbox, v-Folder, …) Major Device Class CoD Bits 8: Computer (desktop,notebook, PDA, organizers, …. ) Minor Device Class CoD Bits 2,3: Laptop",LaptopLaptop,"00:22:58 – Taiyo Yuden Co., Ltd."
14,0x100114,000100000000000100010100,"20 | 8 | 4,2Major Service Class CoD Bit 20: Object Transfer (v-Inbox, v-Folder, …) Major Device Class CoD Bits 8: Computer (desktop,notebook, PDA, organizers, …. ) Minor Device Class CoD Bits 2,4: Palm sized PC/PDA",Palm sized PC/PDAPalm Device,00:07:E0 – Palm Inc.
15,0x102104,000100000010000100000100,"20,13 | 8 | 2Major Service Class CoD Bit 20: Object Transfer (v-Inbox, v-Folder, …) CoD Bit 13: Limited Discoverable Mode [Ref #1] Major Device Class CoD Bits 8: Computer (desktop,notebook, PDA, organizers, …. ) Minor Device Class CoD Bits 2: Desktop Workstation",Desktop WorkstationiMac,"00:0A:95 – Apple Computer, Inc."
16,0x10210c,000100000010000100001100,"19,13 | 8 | 3,2Major Service Class CoD Bit 19: Capturing (Scanner, Microphone, …) CoD Bit 13: Limited Discoverable Mode [Ref #1] Major Device Class CoD Bits 8: Computer (desktop,notebook, PDA, organizers, …. ) Minor Device Class CoD Bits 2,3: Laptop",LaptopUnknown Apple Computer,00:17:F2 – Apple Computer
17,0x120104,000100100000000100000100,"20 | 8 | 2Major Service Class CoD Bit 20: Object Transfer (v-Inbox, v-Folder, …) Major Device Class CoD Bits 8: Computer (desktop,notebook, PDA, organizers, …. ) Minor Device Class CoD Bits 2: Desktop Workstation",Desktop WorkstationUnknown,00:15:83 – IVT corporation
18,0x120114,000100100000000100010100,"20,17 | 8 | 4,2Major Service Class CoD Bit 20: Object Transfer (v-Inbox, v-Folder, …) CoD Bit 17: Networking (LAN, Ad hoc, …) Major Device Class CoD Bits 8: Computer (desktop,notebook, PDA, organizers, …. ) Minor Device Class CoD Bits 2,4: Palm sized PC/PDA",Palm sized PC/PDAUnknown PDA or Tablet,00:16:D3 – Wistron Corporation
19,0x12010c,000100100000000100001100,"20,17 | 8 | 3,2Major Service Class CoD Bit 20: Object Transfer (v-Inbox, v-Folder, …) CoD Bit 17: Networking (LAN, Ad hoc, …) Major Device Class CoD Bits 8: Computer (desktop,notebook, PDA, organizers, …. ) Minor Device Class CoD Bits 2,3: Laptop",LaptopUSB Bluetooth Module,"90:4C:E5 – Hon Hai Precision Ind. Co.,Ltd."
20,0x18010c,000110000000000100001100,"20,19 | 8 | 3,2Major Service Class CoD Bit 20: Object Transfer (v-Inbox, v-Folder, …) CoD Bit 19: Capturing (Scanner, Microphone, …) Major Device Class CoD Bits 8: Computer (desktop,notebook, PDA, organizers, …. ) Minor Device Class CoD Bits 2,3: Laptop",LaptopLaptop Unknown Laptop Panasonic Havis DS-PAN-302(PAN302),"00:03:7A – Taiyo Yuden Co., Ltd 00:06:F5 – ALPS Co,. Ltd. 04:98:F3 – ALPS Electric Co,. Ltd."
21,0x1a010c,000110100000000100001100,"20,19,17 | 8 | 3,2Major Service Class CoD Bit 20: Object Transfer (v-Inbox, v-Folder, …) CoD Bit 19: Capturing (Scanner, Microphone, …) CoD Bit 17: Networking (LAN, Ad hoc, …) Major Device Class CoD Bits 8: Computer (desktop,notebook, PDA, organizers, …. ) Minor Device Class CoD Bits 2,3: Laptop",LaptopLaptop Motorola Xoom,"00:22:58 – Taiyo Yuden Co., Ltd. 98:4B:4A – Motorola Mobility Inc."
22,0x1a0110,000110100000000100010000,"20,19,17 | 8 | 4Major Service Class CoD Bit 20: Object Transfer (v-Inbox, v-Folder, …) CoD Bit 19: Capturing (Scanner, Microphone, …) CoD Bit 17: Networking (LAN, Ad hoc, …) Major Device Class CoD Bits 8: Computer (desktop,notebook, PDA, organizers, …. ) Minor Device Class CoD Bits 4: Handheld PC/PDA (clam shell)",Handheld PC/PDAGoogle Nexus 7 32GB,30:85:A9 – Asustek Computer Inc
23,0x1a0114,000110100000000100010100,"20,19,17 | 8 | 4,2Major Service Class CoD Bit 20: Object Transfer (v-Inbox, v-Folder, …) CoD Bit 19: Capturing (Scanner, Microphone, …) CoD Bit 17: Networking (LAN, Ad hoc, …) Major Device Class CoD Bits 8: Computer (desktop,notebook, PDA, organizers, …. ) Minor Device Class CoD Bits 2,4: Palm sized PC/PDA",Palm sized PC/PDAUnknown,98:59:45 – Texas Instruments
24,0x1c010c,000111000000000100001100,"20,19,18 | 8 | 3,2Major Service Class CoD Bit 20: Object Transfer (v-Inbox, v-Folder, …) CoD Bit 19: Capturing (Scanner, Microphone, …) CoD Bit 18: Rendering (Printing, Speaker, …) Major Device Class CoD Bits 8: Computer (desktop,notebook, PDA, organizers, …. ) Minor Device Class CoD Bits 2,3: Laptop",LaptopFujitsu Lifebook Unknown Laptop Sony Vaio Laptop,"00:03:7A – Taiyo Yuden Co., Ltd 00:1A:6B – Universal Global Scientific Industrial Co., Ltd. 00:21:4F – ALPS Electric Co., Ltd"
25,0x1c010e,000111000000000100001110,"20,19,18 | 8 | 3,2 | 1Major Service Class CoD Bit 20: Object Transfer (v-Inbox, v-Folder, …) CoD Bit 19: Capturing (Scanner, Microphone, …) CoD Bit 18: Rendering (Printing, Speaker, …) Major Device Class CoD Bits 8: Computer (desktop,notebook, PDA, organizers, …. ) Minor Device Class CoD Bits 2,3: Laptop Format Type CoD Bits 1",LaptopLaptop,"00:22:58 – Taiyo Yuden Co., Ltd."
26,0x22011C,001000100000000100011100,"21,17 | 8 | 4,3,2Major Service Class CoD Bit 21: Audio (Speaker, Microphone, Headset service, …) CoD Bit 17: Networking (LAN, Ad hoc, …) Major Device Class CoD Bits 8: Computer (desktop,notebook, PDA, organizers, …. ) Minor Device Class CoD Bits 2,3,4: Tablet",Tabletnone,Nonone
27,0x2a010c,001010100000000100001100,"21,19,17 | 8 | 3,2Major Service Class CoD Bit 21: Audio (Speaker, Microphone, Headset service, …) CoD Bit 19: Capturing (Scanner, Microphone, …) CoD Bit 17: Networking (LAN, Ad hoc, …) Major Device Class CoD Bits 8: Computer (desktop,notebook, PDA, organizers, …. ) Minor Device Class CoD Bits 2,3: Laptop",LaptopLaptop,"00:03:7A – Taiyo Yuden Co., Ltd"
28,0x2a0110,001010100000000100010000,"21,19,17 | 8 | 4Major Service Class CoD Bit 21: Audio (Speaker, Microphone, Headset service, …) CoD Bit 19: Capturing (Scanner, Microphone, …) CoD Bit 17: Networking (LAN, Ad hoc, …) Major Device Class CoD Bits 8: Computer (desktop,notebook, PDA, organizers, …. ) Minor Device Class CoD Bits 4: Handheld PC/PDA (clam shell)",Handheld PC/PDACRAVEN Handheld PC/PDA,60:45:BD – Microsoft
29,0x2e010c,001011100000000100001100,"21,19,18,17 | 8 | 3,2Major Service Class CoD Bit 21: Audio (Speaker, Microphone, Headset service, …) CoD Bit 19: Capturing (Scanner, Microphone, …) CoD Bit 18: Rendering (Printing, Speaker, …) CoD Bit 17: Networking (LAN, Ad hoc, …) Major Device Class CoD Bits 8: Computer (desktop,notebook, PDA, organizers, …. ) Minor Device Class CoD Bits 2,3: Laptop",LaptopLaptop,"00:03:7A – Taiyo Yuden Co., Ltd"
30,0x302104,001100000010000100000100,"21,20,13 | 8 | 2Major Service Class CoD Bit 21: Audio (Speaker, Microphone, Headset service, …) CoD Bit 20: Object Transfer (v-Inbox, v-Folder, …) CoD Bit 13: Limited Discoverable Mode [Ref #1] Major Device Class CoD Bits 8: Computer (desktop,notebook, PDA, organizers, …. ) Minor Device Class CoD Bits 2: Desktop Workstation",Desktop WorkstationMac Pro,00:1F:5B – Apple Inc
31,0x30210c,001100000010000100001100,"21,20,13 | 8 | 3,2Major Service Class CoD Bit 21: Audio (Speaker, Microphone, Headset service, …) CoD Bit 20: Object Transfer (v-Inbox, v-Folder, …) CoD Bit 13: Limited Discoverable Mode [Ref #1] Major Device Class CoD Bits 8: Computer (desktop,notebook, PDA, organizers, …. ) Minor Device Class CoD Bits 2,3: Laptop",LaptopMacbook,00:1F:F3 – Apple Inc
32,0x36010c,001101100000000100001100,"21,20,18,17 | 8 | 3,2Major Service Class CoD Bit 21: Audio (Speaker, Microphone, Headset service, …) CoD Bit 20: Object Transfer (v-Inbox, v-Folder, …) CoD Bit 18: Rendering (Printing, Speaker, …) CoD Bit 17: Networking (LAN, Ad hoc, …) Major Device Class CoD Bits 8: Computer (desktop,notebook, PDA, organizers, …. ) Minor Device Class CoD Bits 2,3: Laptop",LaptopLaptop,"00:03:7A – Taiyo Yuden Co., Ltd"
33,0x380104,001110000000000100000100,"21,20,19 | 8 | 2Major Service Class CoD Bit 21: Audio (Speaker, Microphone, Headset service, …) CoD Bit 20: Object Transfer (v-Inbox, v-Folder, …) CoD Bit 19: Capturing (Scanner, Microphone, …) Major Device Class CoD Bits 8: Computer (desktop,notebook, PDA, organizers, …. ) Minor Device Class CoD Bits 2: Desktop Workstation",Desktop WorkstationiMac iMac Mac Mini iMac iMac,"00:0A:95 – Apple Computer, Inc. 44:2A:60 – Apple, Inc. 00:16:CB – Apple Computer 00:1E:52 – Apple Computer Inc 00:23:12 – Apple, Inc"
34,0x38010c,001110000000000100001100,"22,21,20,19,17 | 8 | 3,2Major Service Class CoD Bit 21: Audio (Speaker, Microphone, Headset service, …) CoD Bit 20: Object Transfer (v-Inbox, v-Folder, …) CoD Bit 19: Capturing (Scanner, Microphone, …) Major Device Class CoD Bits 8: Computer (desktop,notebook, PDA, organizers, …. ) Minor Device Class Unknown Macbook> CoD Bits 2,3: Laptop",LaptopMacbook 17″ Unknown Macbook Macbook Macbook Macbook,"00:17:F2 – Apple Computer, Inc. 00:19:E3 – Apple Computer Inc. 00:1D:4F – Apple Computer Inc. 00:16:CB – Apple Computer 58:B0:35 – Apple, Inc"
35,0x3a0104,001110100000000100000100,"21,20,19,17 | 8 | 2Major Service Class CoD Bit 21: Audio (Speaker, Microphone, Headset service, …) CoD Bit 20: Object Transfer (v-Inbox, v-Folder, …) CoD Bit 19: Capturing (Scanner, Microphone, …) CoD Bit 17: Networking (LAN, Ad hoc, …) Major Device Class CoD Bits 8: Computer (desktop,notebook, PDA, organizers, …. ) Minor Device Class CoD Bit 2: Desktop Workstation",Desktop WorkstationApple Desktop iMac Apple Desktop Apple Desktop Apple Desktop Apple Desktop Apple Desktop Apple Desktop,"00:1E:52 – Apple Computer Inc 00:1F:F3 – Apple, Inc 00:25:BC – Apple, Inc 04:0C:CE – Apple, Inc. 64:B9:E8 – Apple, Inc. 78:CA:39 – Apple, Inc. 00:1B:63 – Apple Computer Inc."
36,0x3a010c,001110100000000100001100,"21,20,19,17 | 8 | 3,2Major Service Class CoD Bit 21: Audio (Speaker, Microphone, Headset service, …) CoD Bit 20: Object Transfer (v-Inbox, v-Folder, …) CoD Bit 19: Capturing (Scanner, Microphone, …) CoD Bit 17: Networking (LAN, Ad hoc, …) Major Device Class CoD Bits 8: Computer (desktop,notebook, PDA, organizers, …. ) Minor Device Class CoD Bits 2,3: Laptop",LaptopMacbook Pro (early 2010) Macbook Macbook,"00:26:08 – Apple, Inc 00:23:6C – Apple, Inc 34:15:9E – Apple, Inc"
37,0x3c0104,001111000000000100000100,"21,20,19,18 | 8 | 2Major Service Class CoD Bit 21: Audio (Speaker, Microphone, Headset service, …) CoD Bit 20: Object Transfer (v-Inbox, v-Folder, …) CoD Bit 19: Capturing (Scanner, Microphone, …) CoD Bit 18: Rendering (Printing, Speaker, …) Major Device Class CoD Bits 8: Computer (desktop,notebook, PDA, organizers, …. ) Minor Device Class CoD Bits 2: Desktop Workstation",Desktop WorkstationDesktop PC,00:07:61 – Logitech SA
38,0x3c010c,001111000000000100001100,"21,20,19,18 | 8 | 3,2Major Service Class CoD Bit 21: Audio (Speaker, Microphone, Headset service, …) CoD Bit 20: Object Transfer (v-Inbox, v-Folder, …) CoD Bit 19: Capturing (Scanner, Microphone, …) CoD Bit 18: Rendering (Printing, Speaker, …) Major Device Class CoD Bits 8: Computer (desktop,notebook, PDA, organizers, …. ) Minor Device Class CoD Bits 2,3: Laptop",LaptopIBM Thinkpad Laptop,"E0:06:E6 – Hon Hai Precision Ind. Co.,Ltd."
39,0x3e0104,001111100000000100000100,"21,20,19,18,17 | 8 | 2Major Service Class CoD Bit 21: Audio (Speaker, Microphone, Headset service, …) CoD Bit 20: Object Transfer (v-Inbox, v-Folder, …) CoD Bit 19: Capturing (Scanner, Microphone, …) CoD Bit 18: Rendering (Printing, Speaker, …) CoD Bit 17: Networking (LAN, Ad hoc, …) Major Device Class CoD Bits 8: Computer (desktop,notebook, PDA, organizers, …. ) Minor Device Class CoD Bits 2: Desktop Workstation",Desktop WorkstationDesktop PC HP Desktop PC Desktop PC,D0:DF:9A – Liteon Technology Corporation 74:DE:2B – Liteon Technology Corporation 9C:B7:0D – Liteon Technology Corporation
40,0x3e0108,001111100000000100001000,"21,20,19,18,17 | 8 | 3Major Service Class CoD Bit 21: Audio (Speaker, Microphone, Headset service, …) CoD Bit 20: Object Transfer (v-Inbox, v-Folder, …) CoD Bit 19: Capturing (Scanner, Microphone, …) CoD Bit 18: Rendering (Printing, Speaker, …) CoD Bit 17: Networking (LAN, Ad hoc, …) Major Device Class CoD Bits 8: Computer (desktop,notebook, PDA, organizers, …. ) Minor Device Class CoD Bits 3: Server-Class Computer",Server-Class ComputerServer,00:02:72 – CC&C Technologies
41,0x3e010c,001111100000000100001100,"22,21,20,19 | 8 | 3,2Major Service Class CoD Bit 21: Audio (Speaker, Microphone, Headset service, …) CoD Bit 20: Object Transfer (v-Inbox, v-Folder, …) CoD Bit 19: Capturing (Scanner, Microphone, …) CoD Bit 18: Rendering (Printing, Speaker, …) CoD Bit 17: Networking (LAN, Ad hoc, …) Major Device Class CoD Bits 8: Computer (desktop,notebook, PDA, organizers, …. ) Minor Device Class CoD Bits 2,3: Laptop",LaptopDell Latitude e6410 TSS-017 – Long Range CCD Bar Code Scanner Targus Crave TSS112 HP EliteBook E107 Bluetooth Chip,"1C:65:9D – Liteon Technology Corporation E0:06:E6 – Hon Hai Precision Ind. Co.,Ltd. 08:3E:8E – Hon Hai Precision Ind.Co.Ltd CC:52:AF – Universal Global Scientific Industrial Co., Ltd. 20:68:9D – Liteon Technology Corporation"
42,0x422100,010000100010000100000000,"22,17,13 | 8 | n/aMajor Service Class CoD Bit 22: Telephony (Cordless telephony, Modem, Headset service, …) CoD Bit 17: Networking (LAN, Ad hoc, …) CoD Bit 13: Limited Discoverable Mode [Ref #1] Major Device Class CoD Bits 8: Computer (desktop,notebook, PDA, organizers, …. ) Minor Device Class none",noneMEDIC 4,"00:01:95 – Sena Technologies, Inc."
43,0x4a0100,010010100000000100000000,"22,19,17 | 8 | noneMajor Service Class CoD Bit 22: Telephony (Cordless telephony, Modem, Headset service, …) CoD Bit 19: Capturing (Scanner, Microphone, …) CoD Bit 17: Networking (LAN, Ad hoc, …) Major Device Class CoD Bits 8: Computer (desktop,notebook, PDA, organizers, …. ) Minor Device Class CoD Bits None: Uncategorized, code for device not assigned",UncategorizedUncategorized,"00:17:F2 – Apple Computer, Inc."
44,0x5a0100,010110100000000100000000,"22,20,19,17 | 8 | noneMajor Service Class CoD Bit 22: Telephony (Cordless telephony, Modem, Headset service, …) CoD Bit 20: Object Transfer (v-Inbox, v-Folder, …) CoD Bit 19: Capturing (Scanner, Microphone, …) CoD Bit 17: Networking (LAN, Ad hoc, …) Major Device Class CoD Bits 8: Computer (desktop,notebook, PDA, organizers, …. ) Minor Device Class CoD Bits None: Uncategorized, code for device not assigned",UncategorizedNokia N900,00:BD:3A – Nokia Corporation
45,0x52020c,010100100000001000001100,"22,20,19,17 | 8 | 4,2Major Service Class CoD Bit 22: Telephony (Cordless telephony, Modem, Headset service, …) CoD Bit 20: Object Transfer (v-Inbox, v-Folder, …) CoD Bit 19: Capturing (Scanner, Microphone, …) CoD Bit 17: Networking (LAN, Ad hoc, …) Major Device Class CoD Bits 8: Computer (desktop,notebook, PDA, organizers, …. ) Minor Device Class CoD Bits 2,4: Palm sized PC/PDA",Palm sized PC/PDAPocket_PC,00:15:70 – Symbol Technologies Wholly owned Subsidiary of Motorola
46,0x6e010c,011011100000000100001100,"22,21,19,18,17 | 8 | 3,2Major Service Class CoD Bit 22: Telephony (Cordless telephony, Modem, Headset service, …) CoD Bit 21: Audio (Speaker, Microphone, Headset service, …) CoD Bit 19: Capturing (Scanner, Microphone, …) CoD Bit 18: Rendering (Printing, Speaker, …) CoD Bit 17: Networking (LAN, Ad hoc, …) Major Device Class CoD Bits 8: Computer (desktop,notebook, PDA, organizers, …. ) Minor Device Class CoD Bits 2,3: Laptop",LaptopUnknown,"08:ED:B9 – Hon Hai Precision Ind. Co.,Ltd."
47,0x7a010c,011110100000000100001100,"22,21,20,19,17 | 8 | 3,2Major Service Class CoD Bit 22: Telephony (Cordless telephony, Modem, Headset service, …) CoD Bit 21: Audio (Speaker, Microphone, Headset service, …) CoD Bit 20: Object Transfer (v-Inbox, v-Folder, …) CoD Bit 19: Capturing (Scanner, Microphone, …) CoD Bit 17: Networking (LAN, Ad hoc, …) Major Device Class CoD Bits 8: Computer (desktop,notebook, PDA, organizers, …. ) Minor Device Class CoD Bits 2,3: Laptop",LaptopLaptop,"00:1F:E1 – Hon Hai Precision Ind. Co., Ltd."
48,0x7e0104,011111100000000100000100,"22,21,20,19,18,17 | 8 | 2Major Service Class CoD Bit 22: Telephony (Cordless telephony, Modem, Headset service, …) CoD Bit 21: Audio (Speaker, Microphone, Headset service, …) CoD Bit 20: Object Transfer (v-Inbox, v-Folder, …) CoD Bit 19: Capturing (Scanner, Microphone, …) CoD Bit 18: Rendering (Printing, Speaker, …) CoD Bit 17: Networking (LAN, Ad hoc, …) Major Device Class CoD Bits 8: Computer (desktop,notebook, PDA, organizers, …. ) Minor Device Class CoD Bits 2: Desktop Workstation",Desktop WorkstationDesktop PC Advent Desktop PC,00:21:86 – USI 00:02:76 – Primax Electronics Ltd.
49,0x7e010c,011111100000000100001100,"22,21,20,19,18,17 | 8 | 3,2Major Service Class CoD Bit 22: Telephony (Cordless telephony, Modem, Headset service, …) CoD Bit 21: Audio (Speaker, Microphone, Headset service, …) CoD Bit 20: Object Transfer (v-Inbox, v-Folder, …) CoD Bit 19: Capturing (Scanner, Microphone, …) CoD Bit 18: Rendering (Printing, Speaker, …) CoD Bit 17: Networking (LAN, Ad hoc, …) Major Device Class CoD Bits 8: Computer (desktop,notebook, PDA, organizers, …. ) Minor Device Class CoD Bits 2,3: Laptop",LaptopHP Netbook,"00:22:43 – AzureWave Technologies, Inc."
50,0x920100,100100100000000100000000,"23,20,17 | 8 | noneMajor Service Class CoD Bit 23: Information (WEB-server, WAP-server, …) CoD Bit 20: Object Transfer (v-Inbox, v-Folder, …) CoD Bit 17: Networking (LAN, Ad hoc, …) Major Device Class CoD Bits 8: Computer (desktop,notebook, PDA, organizers, …. ) Minor Device Class none",UncategorizedMentor Ranger Ranger,00:0C:8E – Mentor Engineering Inc 00:0C:8E – Mentor Engineering Inc
51,0x9a0100,100110100000000100000000,"23,20,19,17 | 8 | noneMajor Service Class CoD Bit 23: Information (WEB-server, WAP-server, …) CoD Bit 20: Object Transfer (v-Inbox, v-Folder, …) CoD Bit 19: Capturing (Scanner, Microphone, …) CoD Bit 17: Networking (LAN, Ad hoc, …) Major Device Class CoD Bits 8: Computer (desktop,notebook, PDA, organizers, …. ) Minor Device Class CoD Bits None: Uncategorized, code for device not assigned",UncategorizedUncategorized R4778,00:09:DD – Mavin Technology Inc. 00:12:F5 – Imarda New Zealand Limited
52,0x9a0114,100110100000000100010100,"23,20,19,17 | 8 | 4,2Major Service Class CoD Bit 23: Information (WEB-server, WAP-server, …) CoD Bit 20: Object Transfer (v-Inbox, v-Folder, …) CoD Bit 19: Capturing (Scanner, Microphone, …) CoD Bit 17: Networking (LAN, Ad hoc, …) Major Device Class CoD Bits 8: Computer (desktop,notebook, PDA, organizers, …. ) Minor Device Class CoD Bits 2,4: Palm sized PC/PDA",Palm sized PC/PDASamsung SGH-i907,00:23:39 – Samsung Electronics
53,0xd20110,110100100000000100010000,"23,22,20,17 | 8 | 4Major Service Class CoD Bit 23: Information (WEB-server, WAP-server, …) CoD Bit 22: Telephony (Cordless telephony, Modem, Headset service, …) CoD Bit 20: Object Transfer (v-Inbox, v-Folder, …) CoD Bit 17: Networking (LAN, Ad hoc, …) Major Device Class CoD Bits 8: Computer (desktop,notebook, PDA, organizers, …. ) Minor Device Class CoD Bits 4: Handheld PC/PDA (clam shell)",Handheld PC/PDACE500 Core Mobile Data Terminal CE500 Pro,00:24:23 – AzureWave Technologies (Shanghai) Inc. 00:24:23 – AzureWave Technologies (Shanghai) Inc.
54,0xff0104,111111110000000100000100,"23,22,21,20,19,18,17,16 | 8 | 2Major Service Class CoD Bit 23: Information (WEB-server, WAP-server, …) CoD Bit 22: Telephony (Cordless telephony, Modem, Headset service, …) CoD Bit 21: Audio (Speaker, Microphone, Headset service, …) CoD Bit 20: Object Transfer (v-Inbox, v-Folder, …) CoD Bit 19: Capturing (Scanner, Microphone, …) CoD Bit 18: Rendering (Printing, Speaker, …) CoD Bit 17: Networking (LAN, Ad hoc, …) CoD Bit 16: Positioning (Location identification) Major Device Class CoD Bits 8: Computer (desktop,notebook, PDA, organizers, …. ) Minor Device Class CoD Bits 2: Desktop Workstation",Desktop WorkstationWindows Desktop Computer,"74:F0:6D – AzureWave Technologies, Inc."
55,0xff010c,111111110000000100001100,"23,22,21,20,19,18,17,16 | 8 | 3,2Major Service Class CoD Bit 23: Information (WEB-server, WAP-server, …) CoD Bit 22: Telephony (Cordless telephony, Modem, Headset service, …) CoD Bit 21: Audio (Speaker, Microphone, Headset service, …) CoD Bit 20: Object Transfer (v-Inbox, v-Folder, …) CoD Bit 19: Capturing (Scanner, Microphone, …) CoD Bit 18: Rendering (Printing, Speaker, …) CoD Bit 17: Networking (LAN, Ad hoc, …) CoD Bit 16: Positioning (Location identification) Major Device Class CoD Bits 8: Computer (desktop,notebook, PDA, organizers, …. ) Minor Device Class CoD Bits 2,3: Laptop",LaptopDell Intel Centrino,4C:EB:42 – Intel Corporate
1,0x000204,000000000000001000000100,"none | 9 | 2Major Service Class none Major Device Class CoD Bits 9: Phone (cellular, cordless, payphone, modem, …) Minor Device Class CoD Bits 2: Cellular",CellularSamsung SGH-T259 Unknown Samsung,"38:16:D1 – Samsung Electronics Co.,Ltd 04:FE:31 – Samsung Electronics Co.,Ltd"
2,0x000208,000000000000001000001000,"none | 9 | 3Major Service Class None Major Device Class CoD Bits 9: Phone (cellular, cordless, payphone, modem, …) Minor Device Class CoD Bits 3: Cordless",CordlessBluetooth Car Kit,"00:1C:12 – Motorola Mobility, Inc."
3,0x01020c,000000010000001000001100,"16 | 9 | 3,2Major Service Class CoD Bit 16: Positioning (Location identification) Major Device Class CoD Bits 9: Phone (cellular, cordless, payphone, modem, …) Minor Device Class CoD Bits 2,3: Smart Phone",Smart PhoneiPhone,54:26:96 – Apple
4,0x080208,000010000000001000001000,"19 | 9 | 3Major Service Class CoD Bit 19: Capturing (Scanner, Microphone, …) Major Device Class CoD Bits 9: Phone (cellular, cordless, payphone, modem, …) Minor Device Class CoD Bits 3: Cordless",CordlessKyocera KWC-M2000,00:1F:BD – Kyocera Wireless Corp.
5,0x100204,000100000000001000000100,"20 | 9 | 2Major Service Class CoD Bit 20: Object Transfer (v-Inbox, v-Folder, …) Major Device Class CoD Bits 9: Phone (cellular, cordless, payphone, modem, …) Minor Device Class CoD Bits 2: Cellular",CellulariPod Sanyo Mirro Kyocera Juno SCP2700 Unknown Kyocera Cell Phone (Manda) LG LG600G Kyocera S2100 (KCI-S2100),"00:26:4A – Apple, Inc. 00:22:94 – Kyocera Corporation 00:22:94 – Kyocera Corporation 00:22:94 – Kyocera Corporation 00:1F:E3 – LG Electronics 00:22:94 – Kyocera Corporation"
6,0x100208,000100000000001000001000,"20 | 9 | 3Major Service Class CoD Bit 20: Object Transfer (v-Inbox, v-Folder, …) Major Device Class CoD Bits 9: Phone (cellular, cordless, payphone, modem, …) Minor Device Class CoD Bits 3: Cordless",CordlessUnknown Kyocera Cordless Phone Kyocera Wireless KWC-S1310 Cricket Kyocera Domino S1310 Kyocera KWC Cell Phone,00:1F:BD – Kyocera Wireless Corp. 00:1F:BD – Kyocera Wireless Corp. 00:1F:BD – Kyocera Wireless Corp. 00:1F:BD – Kyocera Wireless Corp.
7,0x180204,000110000000001000000100,"20,19 | 9 | 2Major Service Class CoD Bit 20: Object Transfer (v-Inbox, v-Folder, …) CoD Bit 19: Capturing (Scanner, Microphone, …) Major Device Class CoD Bits 9: Phone (cellular, cordless, payphone, modem, …) Minor Device Class CoD Bits 2: Cellular",CellularSamsung Blast Sanyo Innuendo Kyocera Rio E3100 LG900G SANYO Incognito Samsung SGH-T528G Motorola H700 Bluetooth Headset Kyocera Generic Rio E3100 (KWC-E3100),"00:21:D1 – Samsung Electronics Co.,Ltd 00:22:94 – Kyocera Corporation 00:1F:BD – Kyocera Wireless Corp. 5C:17:D3 Lge 00:22:94 – Kyocera Corporation 18:E2:C2 – Samsung Electronics 00:22:94 – Kyocera Corporation 00:1F:BD – Kyocera Wireless Corp."
8,0x200204,001000000000001000000100,"21 | 9 | 2Major Service Class CoD Bit 21: Audio (Speaker, Microphone, Headset service, …) Major Device Class CoD Bits 9: Phone (cellular, cordless, payphone, modem, …) Minor Device Class CoD Bits 2: Cellular",CellularUnknown,00:12:D1 – Texas Instruments Inc
9,0x300204,001100000000001000000100,"23,21,20 | 9 | 2Major Service Class CoD Bit 21: Audio (Speaker, Microphone, Headset service, …) CoD Bit 20: Object Transfer (v-Inbox, v-Folder, …) Major Device Class CoD Bits 9: Phone (cellular, cordless, payphone, modem, …) Minor Device Class CoD Bits 2: Cellular",CellularNokiaE61i,00:17:E3 – Texas Instruments
10,0x400204,010000000000001000000100,"22 | 9 | 2Major Service Class CoD Bit 22: Telephony (Cordless telephony, Modem, Headset service, …) Major Device Class CoD Bits 9: Phone (cellular, cordless, payphone, modem, …) Minor Device Class CoD Bits 2: Cellular",CellularMotorola h700 Samsung SPH-W2700 Cisco Unified IP Phone 8945 (CP-8945) Cricket A200,"00:07:BA – UTStarcom, Inc. (was: Xebeo Communications) 00:12:47 – Samsung Electronics Co., Ltd. 70:81:05 – CISCO SYSTEMS, INC. 00:1F:82 – Cal-Comp Electronics & Communications Co., Ltd"
11,0x400210,010000000000001000010000,"22 | 9 | 4Major Service Class CoD Bit 22: Telephony (Cordless telephony, Modem, Headset service, …) Major Device Class CoD Bits 9: Phone (cellular, cordless, payphone, modem, …) Minor Device Class CoD Bits 4: Wired modem or voice gateway",Wired modem or voice gatewayUnknown Voice Gateway,"00:07:88 – Clipcomm, Inc."
12,0x402204,010000000010001000000100,"22,13 | 9 | 2Major Service Class CoD Bit 22: Telephony (Cordless telephony, Modem, Headset service, …) CoD Bit 13: Limited Discoverable Mode [Ref #1] Major Device Class CoD Bits 9: Phone (cellular, cordless, payphone, modem, …) Minor Device Class CoD Bits 2: Cellular",CellularSamsung Trender,"6C:83:36 – Samsung Electronics Co.,Ltd"
13,0x4a0204,010010100000001000000100,"22,19,17 | 9 | 2Major Service Class CoD Bit 22: Telephony (Cordless telephony, Modem, Headset service, …) CoD Bit 19: Capturing (Scanner, Microphone, …) CoD Bit 17: Networking (LAN, Ad hoc, …) Major Device Class CoD Bits 9: Phone (cellular, cordless, payphone, modem, …) Minor Device Class CoD Bits 2: Cellular",CellularMotorola Cell Phone Monsta Phone,00:26:BA – Motorola Mobile Devices 00:1B:DA – UTStarcom Inc
14,0x500204,010100000000001000000100,"22,20 | 9 | 2Major Service Class CoD Bit 22: Telephony (Cordless telephony, Modem, Headset service, …) CoD Bit 20: Object Transfer (v-Inbox, v-Folder, …) Major Device Class CoD Bits 9: Phone (cellular, cordless, payphone, modem, …) Minor Device Class CoD Bits 2: Cellular",CellularNokia 6600 Nokia 2600c-2b LG-P925 LG Rumor Jabra A210 Adapter LG CU400 Mercedes Benz UHI-SNXXXX Nokia 6600 l Samsung SGH-A197 Q2 Smart Bluetooth Headset,"00:0E:6D – Murata Manufacturing 00:21:FE – Nokia Danmark A/S 64:9C:8E – Texas Instruments 00:E0:91 – LG ELECTRONICS, INC. 98:F5:37 – zte corporation 00:19:A1 – LG INFORMATION & COMM. 00:1A:DB – Motorola Mobility, Inc. 00:0E:6D – Murata Manufacturing 94:63:D1 – Samsung Electronics Co.,Ltd 98:F5:37 – zte corporation"
15,0x50020c,010100000000001000001100,"22,20 | 9 | 3,2Major Service Class CoD Bit 22: Telephony (Cordless telephony, Modem, Headset service, …) CoD Bit 20: Object Transfer (v-Inbox, v-Folder, …) Major Device Class CoD Bits 9: Phone (cellular, cordless, payphone, modem, …) Minor Device Class CoD Bits 2,3: Smart phone",Smart phoneNokia 3250,00:19:4F – Nokia Danmark A/S
16,0x520204,010100100000001000000100,"22,20,17 | 9 | 2Major Service Class CoD Bit 22: Telephony (Cordless telephony, Modem, Headset service, …) CoD Bit 20: Object Transfer (v-Inbox, v-Folder, …) CoD Bit 17: Networking (LAN, Ad hoc, …) Major Device Class CoD Bits 9: Phone (cellular, cordless, payphone, modem, …) Minor Device Class CoD Bits 2: Cellular",CellularNokia 2720a-2b Samsung M400 Sanyo Vero SANYO SCP-3810 SANYO KATANA LX Samsung C520 SGH-D407 LG GS170 Nokia C3-00 Jabra BT125 SANYO SCP-2700gf SANYO KATANA II Sony Ericsson W300i Kyocera DuraPlus Samsung HM1000 Nokia 2330c-2b LG VP200 SANYO SCP-2700 Nokia 6230 SANYO SCP-2 Nokia 6103 Sony Ericsson Z520a LG 420G Pre-Paid Cell Phone for TracFone Genus Vero 1 Digital Portable Radio ATT Tech Cell Phone Kyocera Brio Nokia 610 SANYO SCP-2700g Nokia 6102i,"C0:38:F9 – Nokia Danmark A/S 14:89:FD – Samsung Electronics 00:22:94 – Kyocera Corporation 00:22:94 – Kyocera Corporation 00:00:A0 – SANYO Electric Co., Ltd. 00:0F:E4 – Pantech Co.,Ltd 00:16:DB – Samsung Electronics Co., Ltd. 5C:17:D3 – Lge A8:E0:18 – Nokia Corporation 00:1F:E3 – LG Electronics 00:22:94 – Kyocera Corporation 00:00:A0 – SANYO Electric Co., Ltd. 00:1A:75 – Sony Ericsson Mobile Communications 00:22:94 – Kyocera Corporation 00:22:94 – Kyocera Corporation C0:38:F9 – Nokia Danmark A/S 74:A7:22 – LG Electronics 00:14:60 – Kyocera Wireless Corp. 00:02:5B – Cambridge Silicon Radio 00:22:94 – Kyocera Corporation 00:1A:DC – Nokia Danmark A/S 00:16:B8 – Sony Ericsson Mobile Communications F0:1C:13 – LG Electronics 00:22:94 – Kyocera Corporation C0:38:F9 – Nokia Danmark A/S 00:22:94 – Kyocera Corporation 00:1A:DC – Nokia Danmark A/S 00:14:60 – Kyocera Wireless Corp. 00:18:C5 – Nokia Danmark A/S"
17,0x520208,010100100000001000001000,"none | 10 | 3Major Service Class CoD Bit 22: Telephony (Cordless telephony, Modem, Headset service, …) CoD Bit 20: Object Transfer (v-Inbox, v-Folder, …) CoD Bit 17: Networking (LAN, Ad hoc, …) Major Device Class CoD Bits 9: Phone (cellular, cordless, payphone, modem, …) Minor Device Class CoD Bits 3: Cordless",CordlessSamsung SGH-D357,"00:15:B9 – Samsung Electronics Co., Ltd."
18,0x52020c,010100100000001000001100,"22,20,19 | 9 | 3,2Major Service Class CoD Bit 22: Telephony (Cordless telephony, Modem, Headset service, …) CoD Bit 20: Object Transfer (v-Inbox, v-Folder, …) CoD Bit 17: Networking (LAN, Ad hoc, …) Major Device Class CoD Bits 9: Phone (cellular, cordless, payphone, modem, …) Minor Device Class CoD Bits 2,3: Smart Phone",Smart PhoneSGH-i607,"00:1B:98 – Samsung Electronics Co., Ltd."
19,0x522204,010100100010001000000100,"22,20,17,13 | 9 | 2Major Service Class CoD Bit 22: Telephony (Cordless telephony, Modem, Headset service, …) CoD Bit 20: Object Transfer (v-Inbox, v-Folder, …) CoD Bit 17: Networking (LAN, Ad hoc, …) CoD Bit 13: Limited Discoverable Mode [Ref #1] Major Device Class CoD Bits 9: Phone (cellular, cordless, payphone, modem, …) Minor Device Class CoD Bits 2: Cellular",CellularSamsung SPH-M450 Samsung M360 Samsung M370J Samsung PLS-M330 Samsung M260 Samsung SPH-M330 Samsung M36 Samsung Mant Boost Mobile Phone,"60:D0:A9 – Samsung Electronics Co., Ltd. FC:A1:3E – Samsung Electronics B8:C6:8E – Samsung Electronics Co.,Ltd 8C:77:12 – Samsung Electronics Co.,Ltd FC:C7:34 – Samsung Electronics Co.,Ltd 60:D0:A9 – Samsung Electronics Co.,Ltd 78:47:1D – Samsung Electronics Co.,Ltd 34:C3:AC – Samsung Electronics D0:DF:C7 – Samsung Electronics Co.,Ltd"
20,0x580204,010110000000001000000100,"22,20,19 | 9 | 2Major Service Class CoD Bit 22: Telephony (Cordless telephony, Modem, Headset service, …) CoD Bit 20: Object Transfer (v-Inbox, v-Folder, …) CoD Bit 19: Capturing (Scanner, Microphone, …) Major Device Class CoD Bits 9: Phone (cellular, cordless, payphone, modem, …) Minor Device Class CoD Bits 2: Cellular",CellularSGH-A707 Samsung SGH-T37 Huawei M615 Huawei HW-M750 Samsung SGH-T159 AT&T Z221 AT&T F160 AT&T Z331 Samsung Gravity TXT SGH-T379 Sonim XP3400 ARMOR HUAWEI M228,"00:18:AF – Samsung Electronics Co., Ltd. 74:45:8A – Samsung Electronics Co.,Ltd 20:F3:A3 – Huawei Technologies Co., Ltd 00:25:68 – Shenzhen Huawei Communication Technologies Co., Ltd 04:FE:31 – Samsung Electronics Co.,Ltd 68:1A:B2 – zte corporation 98:F5:37 – zte corporation C8:7B:5B – zte corporation CC:F9:E8 – Samsung Electronics Co.,Ltd 18:3B:D2 – BYD Precision Manufacture Company Ltd. 4C:54:99 – Huawei Device Co., Ltd"
21,0x58020c,010110000000001000001100,"23,20,17 | 8 | noneMajor Service Class CoD Bit 22: Telephony (Cordless telephony, Modem, Headset service, …) CoD Bit 20: Object Transfer (v-Inbox, v-Folder, …) CoD Bit 19: Capturing (Scanner, Microphone, …) Major Device Class CoD Bits 9: Phone (cellular, cordless, payphone, modem, …) Minor Device Class CoD Bits 2,3: Smart Phone",Smart PhoneHUAWEI M860 Huawei H866C ZTE Warp Sequent N861 Huawei AT&T Fusion U8652 Huawei Mercury M886 T-Mobile Prism Samsung Galaxy Note II SGH-I317 Huawei U8651S Summit Cricket Asscend 2 M865 Samsung Blaze 4G SGH-T769 Samsung Galaxy Note II SGH-T889 Samsung Infuse 4G SGH-I997 Samsung Galaxy S III SGH-T999 Samsung Galaxy Note 10.1 GT-N8013 Motorola Atrix 2 MB865 SAMSUNG SGH-I747 LG HBS-700,"54:A5:1B – Huawei Device Co., Ltd 88:53:D4 – Huawei Technologies Co., Ltd 8C:E0:81 – zte corporation 10:C6:1F – Huawei Technologies Co., Ltd C8:D1:5E – Huawei Technologies Co., Ltd C8:D1:5E – Huawei Technologies Co., Ltd 14:89:FD – Samsung Electronics 78:F5:FD – Huawei Technologies Co., Ltd C8:D1:5E – Huawei Technologies Co., Ltd BC:20:A4 – Samsung Electronics 08:D4:2B – Samsung Electronics 94:63:D1 – Samsung Electronics Co.,Ltd 1C:66:AA – Samsung Electronics B4:62:93 – Samsung Electronics Co.,Ltd 5C:6B:32 – Texas Instruments 04:FE:31 – Samsung Electronics Co.,Ltd F4:C7:14 – Huawei Device Co., Ltd"
22,0x5a0204,010110100000001000000100,"22,20,19,17 | 9 | 2Major Service Class CoD Bit 22: Telephony (Cordless telephony, Modem, Headset service, …) CoD Bit 20: Object Transfer (v-Inbox, v-Folder, …) CoD Bit 19: Capturing (Scanner, Microphone, …) CoD Bit 17: Networking (LAN, Ad hoc, …) Major Device Class CoD Bits 9: Phone (cellular, cordless, payphone, modem, …) Minor Device Class CoD Bits 2: Cellular",CellularMotorola Phone Unknown Qualcomm Cell Phone Samsung SGH-T359 LG Cell Phone Nokia 6750-1b Samsung S7350 LG A341 Samsung SGH-T46 Sony Ericsson W810 Unknown Cell Phone Pantech Breeze III P2030 LG GW525gX LG Rumor Touch LG Rumor Reflex Samsung SGH-A847 Samsung Star II S5260 Nokia 6350 Pantech Breeze II P2000 Nokia 6085 Kyocera DuraMax Kyocera DuraXT Samsung SGH-T749 LG CF360 Samsung SGH-A187 Samsung M390 Doro PhoneEasy 410 Samsung Solstice II SGH-A817 Samsung Impression SGH-A877 AT&T Z431 Samsung Gravity 2 SGH-T469 LG GU295 LG Remarq Samsung Eternity¨ II SGH-A597 Samsung SGH-T259 LG GD510 – LG GU292 LG GW370 Samsung Sunburst SGH-a697 Alcatel OT-606A Alcatel one touch 665A Pantech Link P7040p Pantech Renue P6030 Nokia X2-01 LGC395 Samsung Reclaim Samsung Comeback SGH-T559 Samsung Gravity 3 SGH-T479 Samsung Propel SGH-A767 Samsung Evergreen SGH-A667 Samsung Gravity T SGH-T669 Samsung Flight SGH-A797 Samsung Flight II SGH-A927 Matrix C740 Samsung SGH-T369 LG LOTUS LG Encore GT550 LG GT550 LG CU720 Shine LG GS390 Motorola WX416 Samsung SGH-J700I Samsung SGH-P520 Samsung SGH-A887 DORO410 DORO410 LG GR500 Sony Ericsson W760a SGH-A777 SGH-A867 LG CU720 LG160 LG KU9100 LG LX370 Sony Ericsson W518a HTC Athena Bluetooth Hands Free LGA340 LG LOTUS ELITE LX610 Motorola MOTO EX112 Pantech Swift (P6020) Samsung Fame SGH-F250L Samsung Solid Immerse (GT-B2710) LG Vu Plus GR700 Pantech Laser P9050 Samsung GT-S5260 Star II ATT Wireless Pantech Ease (P2020) ATT Wireless Pantech Pursuit (P9020) SANYO KATANA Eclipse X Samsung Strive SGH-A687 Samsung Blackjack II SGH-i617 Samsung SGH-T339 Sony Ericsson Equinox TM717 Pantech Impact P7000 LG CU515 LG GS505 LG LX290 Nokia 6263 Pantech Link II P5000 Pantech Link P7040 Samsung Solstice 2 SGH-A8 Samsung Behold SGH-T919 SGH-T639 SGH-T929 Motorola EX431G Motorola Evoke QA4 Nokia 6303 classic Samsung Flame Samsung M390Tj SAMSUNG SGH-T619 Samsung SGH-A737 Unicorn Bluetooth Headset ATT Pantech Reveal C790 Nokia 6086 ATT Pantech Pursuit II (P6010) Sanyo Taho by Kyocera LG RUMOR 2(LG RUMOR2) Samsung GT-S5230 Star Sony Ericsson TM506 T-Mobile LG GD570 (dLite) KVA 2 Mobile Dispatch DuraMax LG GW525 Motorola EX122 Nokia 2730 classic Alcatel One Touch 871A (OT871A) Nokia 7510a-b Samsung S3600i QUAD BAND AT&T Wireless- Sharp FX (STX-2) Sony Ericsson Z750a Nokia 608 Samsung B2100 Quad-Band Phone Pantech C610 Doro PhoneEasy 618 (DORO618) Nokia 3711 Convoy 2 SCH-U660 Bluetooth Car Kit Samsung SGH-A637 00:E6:66 – ARIMA Communications Corp. Alcatel one touch 506A Alcatel One Touch 901S Blue parrot Samsung GT-B2710 LG KP500 Cookie Handsfree Bluetooth,"40:BA:61 – Arima Communications Corp. 00:0F:E4 – Pantech Co.,Ltd BC:B1:F3 – Samsung Electronics 10:F9:6F – LG Electronics C0:38:F9 – Nokia Danmark A/S 44:F4:59 – Samsung Electronics 00:AA:70 – LG Electronics 54:92:BE – Samsung Electronics Co.,Ltd 00:0D:92 – Arima Communication Corporation 24:5F:DF – KYOCERA Corporation A0:78:BA – Pantech Co., Ltd. 5C:17:D3 – Lge B0:89:91 – Lge E8:92:A4 – LG Electronics 10:1D:C0 – Samsung Electronics Co.,Ltd B0:D0:9C – Samsung Electronics Co.,Ltd C0:38:F9 – Nokia Danmark A/S 00:0F:E4 – Pantech Co.,Ltd 00:1F:01 – Nokia Danmark A/S 00:22:94 – Kyocera Corporation 00:22:94 – Kyocera Corporation 00:25:67 – Samsung Electronics 00:26:E2 – LG Electronics 04:18:0F – Samsung Electronics Co.,Ltd 04:FE:31 – Samsung Electronics Co.,Ltd 05:79:96 – Unknown 0C:DF:A4 – Samsung Electronics Co.,Ltd 34:C3:AC – Samsung Electronics 34:E0:CF – zte corporation 54:92:BE – Samsung Electronics Co.,Ltd 5C:17:D3 – Lge 5C:17:D3 – Lge 60:A1:0A – Samsung Electronics Co.,Ltd 6C:83:36 – Samsung Electronics Co.,Ltd 6C:D6:8A – LG Electronics Inc 74:A7:22 – LG Electronics 74:A7:22 – LG Electronics 78:47:1D – Samsung Electronics Co.,Ltd 94:71:AC – TCT Mobile Limited 94:71:AC – TCT Mobile Limited A0:78:BA – Pantech Co., Ltd. A0:78:BA – Pantech Co., Ltd. A4:E7:31 – Nokia Corporation A8:16:B2 – LG Electronics A8:F2:74 – Samsung Electronics A8:F2:74 – Samsung Electronics BC:47:60 – Samsung Electronics Co.,Ltd C8:7E:75 – Samsung Electronics Co.,Ltd D0:DF:C7 – Samsung Electronics Co.,Ltd E8:E5:D6 – Samsung Electronics Co.,Ltd FC:A1:3E – Samsung Electronics FC:C7:34 – Samsung Electronics Co.,Ltd 00:0F:E4 – Pantech Co.,Ltd BC:47:60 – Samsung Electronics Co.,Ltd 00:22:A9 – LG Electronics Inc F0:1C:13 – LG Electronics 70:05:14 – LG Electronics 00:21:FB – LG Electronics 74:A7:22 – LG Electronics 40:BA:61 – Arima Communications Corp. 00:25:66 – Samsung Electronics Co.,Ltd 00:1E:E2 – Samsung Electronics Co.,Ltd 00:26:5D – Samsung Electronics 05:79:96 – Unknown 4C:63:6B – Unknown 00:26:E2 – LG Electronics 00:25:E7 – Sony Ericsson Mobile Communications 00:26:5D – Samsung Electronics 00:24:91 – Samsung Electronics 00:21:FB – LG Electronics 00:21:FB – LG Electronics 00:24:83 – LG Electronics 20:21:A5 – LG Electronics Inc 58:17:0C – Sony Ericsson Mobile Communications AB 18:46:17 – Samsung Electronics 10:F9:6F – LG Electronics 6C:D6:8A – LG Electronics Inc 00:0D:92 – Arima Communication Corporation A0:78:BA – Pantech Co., Ltd. 00:25:66 – Samsung Electronics Co.,Ltd 00:07:AB – Samsung Electronics Co.,Ltd 5C:17:D3 – Lge 2C:30:68 – Pantech Co.,Ltd C8:19:F7 – Samsung Electronics Co.,Ltd 2C:30:68 – Pantech Co.,Ltd 00:0F:E4 – Pantech Co.,Ltd 00:14:60 – Kyocera Wireless Corp. 34:C3:AC – Samsung Electronics 00:21:D1 – Samsung Electronics Co.,Ltd 00:23:3A – Samsung Electronics Co.,Ltd 24:21:AB – Sony Ericsson Mobile Communications 00:15:D3 – Pantech&Curitel Communications, Inc. 00:21:FB – LG Electronics 8C:54:1D – Lge 00:25:E5 – LG Electronics Inc 00:1C:D4 – Nokia Danmark A/S A0:78:BA – Pantech Co., Ltd. 00:15:D3 – Pantech&Curitel Communications, Inc. BC:B1:F3 – Samsung Electronics D0:17:6A – Samsung Electronics Co.,Ltd 00:1D:F6 – Samsung Electronics Co.,Ltd 00:26:5F – Samsung Electronics Co.,Ltd 40:BA:61 – Arima Communications Corp. 00:24:95 – Motorola Mobility, Inc. 0C:DD:EF – Nokia Corporation FC:C7:34 – Samsung Electronics Co.,Ltd 04:FE:31 – Samsung Electronics Co.,Ltd 00:1B:98 – Samsung Electronics Co., Ltd. 00:1D:F6 – Samsung Electronics Co.,Ltd 8C:54:1D – Lge 00:15:D3 – Pantech&Curitel Communications, Inc. 00:1A:16 – Nokia Danmark A/S 2C:30:68 – Pantech Co.,Ltd 00:22:94 – Kyocera Corporation 6C:D6:8A – LG Electronics Inc 94:63:D1 – Samsung Electronics Co.,Ltd 00:23:F1 – Sony Ericsson Mobile Communications 70:05:14 – LG Electronics 00:22:94 – Kyocera Corporation 20:21:A5 – LG Electronics Inc C8:AA:21 – Motorola Mobility, Inc. E4:EC:10 – Nokia Corporation 4C:0B:3A – TCT Mobile Limited 00:24:7D – Nokia Danmark A/S F8:D0:BD – Samsung Electronics Co.,Ltd BC:B1:81 – SHARP CORPORATION 00:1F:E4 – Sony Ericsson Mobile Communications 00:1F:DE – Nokia Danmark A/S 0C:DF:A4 – Samsung Electronics Co.,Ltd 00:0F:E4 – Pantech Co.,Ltd 00:1D:29 – Doro AB 34:7E:39 – Nokia Danmark A/S D8:57:EF – Samsung Electronics 00:24:91 – Samsung Electronics 94:71:AC – TCT Mobile Limited 94:71:AC – TCT Mobile Limited A8:16:B2 – LG Electronics 94:63:D1 – Samsung Electronics Co.,Ltd 6C:D6:8A – LG Electronics Inc"
23,0x5a0208,010110100000001000001000,"22,20,19,17 | 9 | 3Major Service Class CoD Bit 22: Telephony (Cordless telephony, Modem, Headset service, …) CoD Bit 20: Object Transfer (v-Inbox, v-Folder, …) CoD Bit 19: Capturing (Scanner, Microphone, …) CoD Bit 17: Networking (LAN, Ad hoc, …) Major Device Class CoD Bits 9: Phone (cellular, cordless, payphone, modem, …) Minor Device Class CoD Bits 3: Cordless",CordlessLG GT365,00:24:83 – LG Electronics
24,0x5a020c,010110100000001000001100,"22,20,19,17 | 9 | 3Major Service Class CoD Bit 22: Telephony (Cordless telephony, Modem, Headset service, …) CoD Bit 20: Object Transfer (v-Inbox, v-Folder, …) CoD Bit 19: Capturing (Scanner, Microphone, …) CoD Bit 17: Networking (LAN, Ad hoc, …) Major Device Class CoD Bits 9: Phone (cellular, cordless, payphone, modem, …) Minor Device Class CoD Bits 2,3: Smart phone",Smart phoneNokia 5230 Unknown Nokia X7-00 Samsung Galaxy Epic 4G Touch Epic 4G Touch Samsung Behold II SGH-T939 DROID X2 Nokia N8-00 Treo Nokia C5-00 Nokia E5-00.2 Nokia E73 Samsung Nexus S 4G Samsung Transform Ultra SPH-M930 Nokia 6650d-1bH Pocket_PC LG Ally VS740 Nokia N79 Samsung Jack SGH-i637 Motorola W766 – Harmony Samsung Conquer 4G SPH-D600 HTC Wildfire S A510e Nokia E71x Nokia C7-00 Nokia E73 Cricket ZTE Engage v8000 (V8000_USA_Cricket) Samsung Galaxy S III SPH-L710 Motorola Droid Razr M XT907 2XXPlantronics,"A0:4E:04 – Nokia Corporation 00:0F:E4 – Pantech Co.,Ltd AC:81:F3 – Nokia Corporation 18:E2:C2 – Samsung Electronics 94:63:D1 – Samsung Electronics Co.,Ltd 50:01:BB – Samsung Electronics 44:4E:1A – Samsung Electronics Co.,Ltd 3C:43:8E – Motorola Mobility, Inc. A0:71:A9 – Nokia Corporation 00:07:E0 – Palm Inc. AC:81:F3 – Nokia Corporation D4:C1:FC – Nokia Corporation 20:D6:07 – Nokia Corporation 20:13:E0 – Samsung Electronics Co.,Ltd FC:C7:34 – Samsung Electronics Co.,Ltd 00:25:D0 – Nokia Danmark A/S 40:83:DE – Motorola 8C:54:1D – Lge 00:24:7D – Nokia Danmark A/S 00:26:5F – Samsung Electronics Co.,Ltd B0:79:94 – Motorola Mobility LLC 18:E2:C2 – Samsung Electronics A8:26:D9 – HTC Corporation 00:25:48 – Nokia Danmark A/S 78:CA:04 – Nokia Corporation 20:D6:07 – Nokia Corporation FC:C8:97 – ZTE Corporation B8:C6:8E: – Samsung Electronics Co.,Ltd B0:79:94 – Motorola Mobility LLC F0:08:F1 – Samsung Electronics Co.,Ltd"
25,0x5a2204,010110100010001000000100,"22,20,19,17,13 | 9 | 2Major Service Class CoD Bit 22: Telephony (Cordless telephony, Modem, Headset service, …) CoD Bit 20: Object Transfer (v-Inbox, v-Folder, …) CoD Bit 19: Capturing (Scanner, Microphone, …) CoD Bit 17: Networking (LAN, Ad hoc, …) CoD Bit 13: Limited Discoverable Mode [Ref #1] Major Device Class CoD Bits 9: Phone (cellular, cordless, payphone, modem, …) Minor Device Class CoD Bits 2: Cellular",CellularSamsung SPH-M800 Samsung GT-B5310 Samsung S3650 Samsung Trender Samsung Trender Samsung Seek SPH-M350 Samsung SPH-M5 Samsung Restore Samsung Exclaim SPH-M550A Samsung Restore SPH-M575 Samsung Instinct S30 SPH-M810,"00:1F:CD – Samsung Electronics 44:4E:1A – Samsung Electronics Co.,Ltd D4:88:90 – Samsung Electronics Co.,Ltd CC:05:1B – Samsung Electronics Co.,Ltd 20:13:E0 – Samsung Electronics Co.,Ltd 10:1D:C0 – Samsung Electronics Co.,Ltd 00:23:D6 – Samsung Electronics Co.,LTD 68:EB:AE – Samsung Electronics Co.,Ltd 00:25:66 – Samsung Electronics Co.,Ltd 04:FE:31 – Samsung Electronics Co.,Ltd 44:4E:1A – Samsung Electronics Co.,Ltd"
26,0x5e0204,010111100000001000000100,"22,20,19,18,17 | 9 | 2Major Service Class CoD Bit 22: Telephony (Cordless telephony, Modem, Headset service, …) CoD Bit 20: Object Transfer (v-Inbox, v-Folder, …) CoD Bit 19: Capturing (Scanner, Microphone, …) CoD Bit 18: Rendering (Printing, Speaker, …) CoD Bit 17: Networking (LAN, Ad hoc, …) Major Device Class CoD Bits 9: Phone (cellular, cordless, payphone, modem, …) Minor Device Class CoD Bits 2: Cellular",CellularUnknown,"00:21:D1 – Samsung Electronics Co.,Ltd"
27,0x62020c,011000100000001000001100,"22,21,17 | 9 | 3,2Major Service Class CoD Bit 22: Telephony (Cordless telephony, Modem, Headset service, …) CoD Bit 21: Audio (Speaker, Microphone, Headset service, …) CoD Bit 17: Networking (LAN, Ad hoc, …) Major Device Class CoD Bits 9: Phone (cellular, cordless, payphone, modem, …) Minor Device Class CoD Bits 2,3: Smart phone",Smart phoneBlackberry 7130e,00:0F:86 – Research In Motion Limited
28,0x70020c,011100000000001000001100,"22,21,20 | 9 | 3,2Major Service Class CoD Bit 22: Telephony (Cordless telephony, Modem, Headset service, …) CoD Bit 21: Audio (Speaker, Microphone, Headset service, …) CoD Bit 20: Object Transfer (v-Inbox, v-Folder, …) Major Device Class CoD Bits 9: Phone (cellular, cordless, payphone, modem, …) Minor Device Class CoD Bits 2,3: Smart Phone",Smart PhoneUnknown,40:6A:AB – Rim
29,0x720204,011100100000001000000100,"22,21,20,17 | 9 | 2Major Service Class CoD Bit 22: Telephony (Cordless telephony, Modem, Headset service, …) CoD Bit 21: Audio (Speaker, Microphone, Headset service, …) CoD Bit 20: Object Transfer (v-Inbox, v-Folder, …) CoD Bit 17: Networking (LAN, Ad hoc, …) Major Device Class CoD Bits 9: Phone (cellular, cordless, payphone, modem, …) Minor Device Class CoD Bits 2: Cellular",CellularSamsung SPH-M320 Samsung SPH-M320A Samsung SPH-M300,"00:23:D7 – Samsung Electronics 00:25:67 – Samsung Electronics 00:1D:F6 – Samsung Electronics Co.,Ltd"
30,0x72020c,011100100000001000001100,"22,21,20,17 | 9 | 3,2Major Service Class CoD Bit 22: Telephony (Cordless telephony, Modem, Headset service, …) CoD Bit 21: Audio (Speaker, Microphone, Headset service, …) CoD Bit 20: Object Transfer (v-Inbox, v-Folder, …) CoD Bit 17: Networking (LAN, Ad hoc, …) Major Device Class CoD Bits 9: Phone (cellular, cordless, payphone, modem, …) Minor Device Class CoD Bits 2,3: Smart phone",Smart phoneBlackBerry 8800 Motorola Q BlackBerry 8100,"00:0F:86 – Research In Motion Limited 00:1A:1B – Motorola Mobility, Inc. 00:1C:CC – Research In Motion Limited"
31,0x78020c,011110000000001000001100,"22,21,20,19 | 9 | 3,2Major Service Class CoD Bit 22: Telephony (Cordless telephony, Modem, Headset service, …) CoD Bit 21: Audio (Speaker, Microphone, Headset service, …) CoD Bit 20: Object Transfer (v-Inbox, v-Folder, …) CoD Bit 19: Capturing (Scanner, Microphone, …) Major Device Class CoD Bits 9: Phone (cellular, cordless, payphone, modem, …) Minor Device Class CoD Bits 2,3: Smart phone",Smart phoneSidekick LX 2009 BlackBerry 9300 BlackBerry 9360,00:22:F3 – SHARP CORPORATION 70:AA:B2 – Research In Motion 34:BB:1F – Research In Motion
32,0x7a020c,011110100000001000001100,"22,21,20,19,17 | 9 | 3,2Major Service Class CoD Bit 22: Telephony (Cordless telephony, Modem, Headset service, …) CoD Bit 21: Audio (Speaker, Microphone, Headset service, …) CoD Bit 20: Object Transfer (v-Inbox, v-Folder, …) CoD Bit 19: Capturing (Scanner, Microphone, …) CoD Bit 17: Networking (LAN, Ad hoc, …) Major Device Class CoD Bits 9: Phone (cellular, cordless, payphone, modem, …) Minor Device Class CoD Bits 2,3: Smart phone",Smart phoneiPhone 4S BlackBerry 9810 BlackBerry 9800 BlackBerry 9450 BlackBerry 9450 BlackBerry 9900 BlackBerry 8330m BlackBerry 9330 BlackBerry 9700 BlackBerry 9350 BlackBerry 9930 BlackBerry 9650 BlackBerry 9780 BlackBerry 8530 BlackBerry 8530 BlackBerry 9000 BlackBerry 9310 BlackBerry 9850 BlackBerry 9790 BlackBerry 0000 BlackBerry 8520 BlackBerry 9670 BlackBerry curve iPhone 3g jawbone BlackBerry Torch BlackBerry 9370 BlackBerry 9670 BlackBerry Torch 2 (torch2) Samsung HM1100 Bluetooth Headset LTphone BlackBerry 8120 BlackBerry 9530a BlackBerry 8900 BlackBerry 9630 BlackBerry 9550 mh BlackBerry Motorola Q9m Market Samsung Wave newSmartPhone,"78:A3:E4 – Apple, Inc. A0:6C:EC – Rim 14:74:11 – Rim CC:55:AD – Rim 40:5F:BE – Rim 1C:69:A5 – Research In Motion 00:26:FF Research In Motion 14:74:11 – Rim 30:7C:30 – Rim 40:6A:AB – Rim 80:60:07 – Rim A0:6C:EC – Rim 3C:74:37 – Rim CC:55:AD – Rim 30:69:4B – Rim 00:24:9F RIM Testing Services 1C:69:A5 – Research In Motion 40:6A:AB – Rim 70:AA:B2 – Research In Motion 40:6A:AB – Rim 2C:A8:35 – Rim 3C:74:37 – Rim E8:3E:B6 – Rim 24:AB:81 – Apple, Inc. 40:6A:AB – Rim 3C:74:37 – Rim 40:6A:AB – Rim 3C:74:37 – Rim 70:D4:F2 – Rim 00:1C:C1 – Motorola Mobility, Inc. AC:3C:0B – Apple 00:1C:CC – Research In Motion Limited 00:24:9F – BlackBerry 9530a 00:26:FF – Research In Motion 30:69:4B – RIM F4:0B:93 – Research In Motion 68:ED:43 – Research In Motion 00:1C:C1 – Motorola Mobility, Inc. Motorola Mobility, Inc."
1,0x020300,000000100000001100000000,"17 | 9,8 | noneMajor Service Class CoD Bit 17: Networking (LAN, Ad hoc, …) Major Device Class CoD Bits 8,9: LAN /Network Access point Minor Device Class CoD Bits 7,6,5 Not Set: Fully available CoD Bits 4,3,2 Not Set: Uncategorized","Fully availableJCMED4 (Possible Jefferson County, KY Ambulance)",00:21:3E – Tomtom
2,0x120300,000100100000001100000000,"20,17 | 9,8 | noneMajor Service Class CoD Bit 20: Object Transfer (v-Inbox, v-Folder, …) CoD Bit 17: Networking (LAN, Ad hoc, …) Major Device Class CoD Bits 8,9: LAN /Network Access point Minor Device Class none",noneUnknown,"00:01:95 – Sena Technologies, Inc."
3,0x41031c,010000010000001100011100,"22,16 | 9,8 | 4,3,2Major Service Class CoD Bit 22: Telephony (Cordless telephony, Modem, Headset service, …) CoD Bit 16: Positioning (Location identification) Major Device Class CoD Bits 9,8: LAN /Network Access point Minor Device Class CoD Bits 7,6,5 Not Set: Fully available CoD Bits 4,3,2: All other values reserved",Fully availableNonin 4100 Pulse Oximeter,"00:A0:96 – MITUMI ELECTRIC CO., LTD."
1,0x000408,000000000000010000001000,"none | 10 | 3Major Service Class None Major Device Class CoD Bits 10: Audio/Video (headset,speaker,stereo, video display, vcr…) Minor Device Class CoD Bits 3: Hands-free Device",Hands-free DeviceBluetooth Car Kit Unknown,"00:1C:12 – Motorola Mobility, Inc. 00:1E:B2 – LG innotek"
2,0x00041c,000000000000010000011100,"none | 10 | 4,3,2Major Service Class none Major Device Class CoD Bits 10: Audio/Video (headset,speaker,stereo, video display, vcr…..) Minor Device Class CoD Bits 2,3,4: Portable Audio",Portable AudioiPad 3,"4C:B1:99 – Apple, Inc."
3,0x000424,000000000000010000100100,"none | 10 | 5,2Major Service Class none Major Device Class CoD Bits 10: Audio/Video (headset,speaker,stereo, video display, vcr…) Minor Device Class CoD Bits 2,5: Set-top box",Set-top BoxRoku Roku Player,"CC:6D:A0 – Roku, Inc. 00:0D:4B – Roku, LLC"
4,0x00043c,000000000000010000111100,"none | 10 | 5,4,3,2Major Service Class none Major Device Class CoD Bits 10: Audio/Video (headset,speaker,stereo, video display, vcr…) Minor Device Class CoD Bits 5,4,3,2: Video Display and Loudspeaker",Video DisplaySamsung 32″ LE32D550 DTVBluetooth DTVBluetooth,"60:6B:BD – Samsung Electronics Co., LTD 60:6B:BD – Samsung Electronics Co., LTD E4:E0:C5 – Samsung Electronics Co., LTD"
5,0x08043c,000010000000010000111100,"19 | 10 | 5,4,3,2Major Service Class CoD Bit 19: Capturing (Scanner, Microphone, …) Major Device Class CoD Bits 10: Audio/Video (headset,speaker,stereo, video display, vcr…) Minor Device Class CoD Bits 5,4,3,2: Video Display and Loudspeaker",Video DisplaySamsung UE32D5520 32″ LCD TV Samsung 37-inch 3D Smart LED TV UE37ES6300 TVBluetooth,"E4:E0:C5 – Samsung Electronics Co., LTD 1C:5A:3E – Samsung Eletronics Co., Ltd (Visual Display Divison) C4:73:1E – Samsung Eletronics Co., Ltd"
6,0x0a041c,000010100000010000011100,"19,17 | 10 | 4,3,2Major Service Class CoD Bit 19: Capturing (Scanner, Microphone, …) CoD Bit 17: Networking (LAN, Ad hoc, …) Major Device Class CoD Bits 10: Audio/Video (headset,speaker,stereo, video display, vcr…) Minor Device Class CoD Bits 2,3,4: Portable Audio",Portable AudioiPod iPad,"00:26:4A – Apple, Inc. 90:84:0D – Apple, Inc"
7,0x200404,001000000000010000000100,"21 | 10 | 2Major Service Class CoD Bit 21: Audio (Speaker, Microphone, Headset service, …) Major Device Class CoD Bits 10: Audio/Video (headset,speaker,stereo, video display, vcr…) Minor Device Class CoD Bits 2: Wearable Headset Device",Wearable Headset DevicePLT 510 Headset BLU Logic Motorola H350 Advent 80131 Motorola TX500 Plantronics M20 Bluetooth Headset Parrot v5.10Ci Parrot v5.11C Parrot v5.10C LG HBM-210 Bluetooth Headset Magellan Car Kit,"00:19:7F – PLT 510 Headset – PLANTRONICS, INC.g 00:0D:18 – Mega-Trend Electronics CO., LTD. 00:1A:0E – Cheng Uei Precision Industry Co.,Ltd 00:02:78 – Samsung Electro-Mechanics Co., Ltd. 00:0D:FD – Huges Hi-Tech Inc., 00:23:7F – PLANTRONICS 00:12:1C – PARROT S.A. 00:12:1C – PARROT S.A. 00:12:1C – PARROT S.A. 00:18:6B – Sambu Communics CO., LTD. 00:22:4D – MITAC INTERNATIONAL CORP."
8,0x200408,001000000000010000001000,"21 | 10 | 3Major Service Class CoD Bit 21: Audio (Speaker, Microphone, Headset service, …) Major Device Class CoD Bits 10: Audio/Video (headset,speaker,stereo, video display, vcr…) Minor Device Class CoD Bits 3: Hands-free Device",Hands-free DeviceAudi UHV General Motors Garmin GPS 10 nuvi 350 BMW26262 Garmin Dezl GPS BMW BMW nuvi 2×5 Nokia CK-7W EGO FLASH Land Rover Bluetooth Magellan RoadMate Raytel TellPhone 5000 TomTom GO 710 TomTom DUO Suzuki TRIP Parrot v5.25C Car Kit Land Rover Aud NAVIGON GPS TomTom Toyota MOTONAV TN700 Garmin Dezl 760LMT 7-Inch CSR BC5 Bluetooth Module (CSR – bc5) Parrot v5.24C Garmin nuLink! Nokia CK-7W Garmin GPS,"00:0E:9F – TEMIC SDS GmbH 00:1E:B2 – LG innotek 00:05:4F – Private 10:C6:FC – Garmin International 00:14:9A – Motorola Mobility, Inc 00:05:4F – Private 00:15:A8 – Motorola Mobility, Inc. 00:E0:0C – Motorola 00:05:4F – Private 00:08:3B – Unknown 00:0D:62 – Funkwerk Dabendorf GmbH 00:10:43 – A2 CORPORATION 00:22:4D – MITAC INTERNATIONAL CORP. 00:13:E0 – Murata Manufacturing Co., Ltd. 00:13:6C – Tomtom 00:13:6C – Tomtom 00:05:4F – Private 00:12:1C – PARROT S.A. 00:08:30 – CISCO SYSTEMS, INC. 00:16:D3 – Wistron Corporation 00:21:3E – Tomtom 00:24:A0 – Motorola Mobility, Inc. 10:C6:FC – Garmin International 00:05:4F – Private 00:12:1C – PARROT S.A. 00:05:4F – Private 00:10:1E – MATSUSHITA ELECTRONIC INSTRUMENTS CORP. 10:C6:FC – Garmin International"
9,0x240400,001001000000010000000000,"21,18 | 10 | noneMajor Service Class CoD Bit 21: Audio (Speaker, Microphone, Headset service, …) CoD Bit 18: Rendering (Printing, Speaker, …) Major Device Class CoD Bits 10: Audio/Video (headset,speaker,stereo, video display, vcr…) Minor Device Class none",noneGDI-IRP600 WiFi Internet Radio,"00:1D:DF – Sunitec Enterprise Co., Ltd."
10,0x240404,001001000000010000000100,"21,18 | 10 | 2Major Service Class CoD Bit 21: Audio (Speaker, Microphone, Headset service, …) CoD Bit 18: Rendering (Printing, Speaker, …) Major Device Class CoD Bits 10: Audio/Video (headset,speaker,stereo, video display, vcr…) Minor Device Class CoD Bits 2: Wearable Headset Device",Wearable Headset DeviceVoyager Pro+ Headset Jaybird SB2 Headphones Unknown Hands Free Device Logitech Mobile Pro Headset JVC Unit Alpine KCE-305SBT Cobra iRadar iRAD-100 Radar Detector Inteq LCD Touchscreen Tunelink Auto Bluetooth FM Transmitter Looxcie KENWOOD BT MM-6U2 BluBridge mini-jack Rx KENWOOD BT MM-5U2 BLU Logic 1111 Motorola Roadster BlackBerry Stereo Gateway JABRA WAVE+ Motorola Roadster 2 MONOPRICE UNB-2000S Stereo Headset Iphone Bluetooth Hands Free Car Kit2 Motorola Elite Sliver Plantronics – M25 Headset (PLT_M25-M29) Plantronics PLT_M50 Bluetooth Headset Samsung HM6000 Bluetooth Headset SmartCord Live Naxa Bluetooth AM/FM/CD/MP3/USB/SAUX Player Car JVC KW-AVX820 Bluetooth(R)/DVD/CD/USB Receiver,"00:23:7F – PLANTRONICS 00:18:91 – Zhongshan General K-mate Electronics Co., Ltd 00:08:E0 – ATO Technology Ltd. 00:10:60 – BILLIONTON SYSTEMS, INC. 00:10:60 BILLIONTON SYSTEMS, INC. 00:19:95 – Jurong Hi-Tech (Suzhou)Co.ltd B8:92:1D – BG T&A 00:0D:18 – Mega-Trend Electronics CO., LTD. C8:3E:99 – Texas Instruments 10:2D:96 – Looxcie Inc. 00:10:60 BILLIONTON SYSTEMS, INC. 00:1A:7D – cyber-blue(HK)Ltd 00:10:60 – BILLIONTON SYSTEMS, INC. 00:0D:18 – Mega-Trend Electronics CO., LTD. 00:24:1C – FuGang Electronic (DG) Co.,Ltd 00:1A:0E – Cheng Uei Precision Industry Co.,Ltd 50:C9:71 – GN Netcom A/S 00:24:1C – FuGang Electronic (DG) Co.,Ltd 00:53:0C – Unknown 00:0D:18 – Mega-Trend Electronics CO., LTD. 00:24:1C – FuGang Electronic (DG) Co.,Ltd 48:C1:AC – PLANTRONICS, INC. 48:C1:AC – PLANTRONICS, INC. 38:0A:94 – Samsung Electronics Co.,Ltd D8:76:0A – Escort, Inc. 00:13:04 – Flaircomm Technologies Co. LTD 00:1D:BA – Sony Corporation"
11,0x240408,001001000000010000001000,"21,18 | 10 | 3Major Service Class CoD Bit 21: Audio (Speaker, Microphone, Headset service, …) CoD Bit 18: Rendering (Printing, Speaker, …) Major Device Class CoD Bits 10: Audio/Video (headset,speaker,stereo, video display, vcr…) Minor Device Class CoD Bit 3: Hands-free Device",Hands-free DeviceDension GWF Unknown Ford Audio VW UHV Parrot Zik Headphones Clarion NX500 CARBT-1234 Chevy Equinox Dual XML8150 Media Receiver Unknown Bluetooth Headset (BtCarKit) BlueStream By iSimple Solutions (PhoneKit) Wise & Blue CO LTD Bluetooth Car Kit (CarKit) Clarion NZ500 Clarion VX401 GMC Terrain,"01:36:05 – Unknown 00:26:72 – AAMP of America 00:23:3D – Novero holding B.V. 00:23:3D – Novero holding B.V. 90:03:B7 – Parrot 00:17:53 – nFore Technology Inc. DC:DE:CA – Akyllor E0:EE:1B – Panasonic Automotive Systems Company of America 00:00:00 – Officially Xerox, but 0:0:0:0:0:0 is more common 00:1D:86 – Shinwa Industries(China) Ltd. 00:26:72 – AAMP of America 00:1C:F5 – Wiseblue Technology Limited 00:17:53 – nFore Technology Inc. 00:17:53 – nFore Technology Inc. E0:EE:1B – Panasonic Automotive Systems Company of America"
12,0x240414,110100100000000100010000,"21,18 | 10 | 4,2Major Service Class CoD Bit 21: Audio (Speaker, Microphone, Headset service, …) CoD Bit 18: Rendering (Printing, Speaker, …) Major Device Class CoD Bits 10: Audio/Video (headset,speaker,stereo, video display, vcr…..) Minor Device Class CoD Bits 2,4: Loudspeaker",LoudspeakerHDMX JAM EWA Speaker V2 Mini Speaker BoomBot2 Bluetooth Portable Speaker,46:8F:E8 – Unknown 00:1F:81 – Accel Semiconductor Corp 00:18:E4 – YIGUANG
13,0x280408,001010000000010000001000,"21,19 | 10 | 3Major Service Class CoD Bit 21: Audio (Speaker, Microphone, Headset service, …) CoD Bit 19: Capturing (Scanner, Microphone, …) Major Device Class CoD Bits 10: Audio/Video (headset,speaker,stereo, video display, vcr…) Minor Device Class CoD Bits 3: Hands-free Device",Hands-free DeviceTomTom GO 930 nuvi 765 Suzuki Trip TomTom GO 630 nuvi 775 MOTOACTV Suzuki Trip TomTom GO 730 nuvi 765T TomTom GO 720 Garmin zumo 665 TomTom GO 920 TomTom GO 730,00:13:6C – TomTom 00:05:4F – Private 00:05:4F – Private 00:21:3E – Tomtom 00:05:4F – Private 00:18:30 – Texas Instruments 00:05:4F – Private 00:21:3E – Tomtom 00:05:4F – Private 00:13:6C – TomTom 00:05:4F – Private 00:13:6C – TomTom 00:21:3E – TomTom
14,0x2c0404,001011000000010000000100,"21,19,18 | 10 | 2Major Service Class CoD Bit 21: Audio (Speaker, Microphone, Headset service, …) CoD Bit 19: Capturing (Scanner, Microphone, …) CoD Bit 18: Rendering (Printing, Speaker, …) Major Device Class CoD Bits 10: Audio/Video (headset,speaker,stereo, video display, vcr…..) Minor Device Class CoD Bits 2: Wearable Headset Device",Wearable Headset DeviceKENWOOD BT CD/R-5T1,00:08:E0 – ATO Technology Ltd.
15,0x300408,001100000000010000001000,"21,20 | 10 | 3Major Service Class CoD Bit 21: Audio (Speaker, Microphone, Headset service, …) CoD Bit 20: Object Transfer (v-Inbox, v-Folder, …) Major Device Class CoD Bits 10: Audio/Video (headset,speaker,stereo, video display, vcr…) Minor Device Class CoD Bits 3: Hands-free Device",Hands-free DeviceStreetPilot c550 StreetPilot c5 BMW 99088 Audi MMI BMW VW DEH-7300BT Unknown Car Bluetooth System nuvi 7 Wedge Nuvi Parrot CK3100 Parrot 3200LS AVH-P3200BT Jaguar Pioneer DEH-P6200BT Panasonic GP50 Kenwood DDX616 Pioneer AppRadio SPH-DA01 Pioneer AVH-P5200BT ALPINE KCE-250BT Kenwood DNX6180 Bluetooth Microphone ALPINE CDE-103BT Kenwood DNX6980 PIONEER HDD NAVI Pioneer AVH-P6300BT KENWOOD BT USB/R-3P1 Pioneer AVH-P3300BT Kenwood DNX6160 StreetPilot 2820 ALPINE NAVIGATION RECEIVER Red Rocket Smart Drive Garmin Nuvi 780 Kenwood DNX6960 Sony Nav-U NV-U83T Portable car navigator Advent ADVUV630 Navigation Head Unit,"00:05:4F – Private 00:05:4F – Private 00:0E:9F – TEMIC SDS GmbH 00:0E:9F – TEMIC SDS GmbH 00:1A:DB – Motorola Mobility, Inc. 00:26:7E – Parrot SA 00:26:7E – Parrot SA 00:1E:AE – Continental Automotive Systems 00:05:4F – Private 00:05:4F – Private 00:12:1C PARROT S.A. 00:12:1C – PARROT S.A. 00:12:1C – PARROT S.A. 00:1E:AE – Continental Automotive Systems 00:26:7E – Parrot SA 00:80:45 – MATSUSHITA ELECTRIC IND. CO 00:26:7E – Parrot SA 00:17:53 – nFore Technology Inc. 00:12:1C – PARROT S.A. 00:26:7E – Parrot SA 00:26:7E – Parrot SA 00:12:1C – PARROT S.A. 00:26:7E – Parrot SA 00:16:FE – Alps Electric Co., Ltd 00:26:7E – Parrot SA 00:26:7E – Parrot SA 00:26:7E – Parrot SA 00:12:1C – PARROT S.A. 00:05:4F – Private E8:E1:FD – Unknown 00:05:4F – Private 00:13:1E – Peiker acustic GmbH & Co. KG 00:05:4F – Private 00:26:7E – Parrot SA 00:13:E0 – Murata Manufacturing Co., Ltd. 00:26:7E – Parrot SA"
16,0x340404,001101000000010000000100,"21,20,18 | 10 | 2Major Service Class CoD Bit 21: Audio (Speaker, Microphone, Headset service, …) CoD Bit 20: Object Transfer (v-Inbox, v-Folder, …) CoD Bit 18: Rendering (Printing, Speaker, …) Major Device Class CoD Bits 10: Audio/Video (headset,speaker,stereo, video display, vcr…..) Minor Device Class CoD Bits 2: Wearable Headset Device",Wearable Headset DeviceKenwood KCA-BT300 BT35 Motorola T325 – Bluetooth Portable Car Speaker,"00:26:7E – Parrot SA 00:1D:DF – Sunitec Enterprise Co., Ltd. 00:1F:82 – Cal-Comp Electronics & Communications Co., Ltd"
17,0x340408,001101000000010000001000,"21,20,18 | 10 | 3Major Service Class CoD Bit 21: Audio (Speaker, Microphone, Headset service, …) CoD Bit 20: Object Transfer (v-Inbox, v-Folder, …) CoD Bit 18: Rendering (Printing, Speaker, …) Major Device Class CoD Bits 10: Audio/Video (headset,speaker,stereo, video display, vcr…) Minor Device Class CoD Bits 3: Hands-free Device",Hands-free DeviceKenwood BT Adapter KCA-BT200 Hyundai Sonata VW Jetta Sportwagon TDI 2010 VW Passat ALPINE KCE-400BT Parrot MKi9200 Unknown KENWOOD BT CD/R-3P1 KENWOOD BT CD/R-2P2 BLUEFUSION Pioneer BT unit2 Clarion NX501 Alpine CD Receiver Pioneer DEH-P8400BH PIONEER NAVI Pioneer DEH-65BT CD Receiver Pioneer DEH-X6500BT Pioneer DEH-64BT Kenwood DNX6140 Pioneer DEH-6400BT KENWOOD BT CD/R-6P1 Kenwood DNX7140 Pioneer AVH-X3500BHS Sony Automotive Sony Automotive AVH-P2400BT Pioneer DEH-80PRS Pioneer DEH-X65BT Kenwood DNX8120 Sorento Sony Xplod KIA MOTORS Pioneer FH-X700BT CD Receiver ALPINE NAVI Pioneer AVH-P3400BH Kenwood DNX9980HD Pioneer DEH-P9400BH Kenwood DNX9990HD Pioneer FH-X700BT Clarion VZ709 Kenwood DNX6990HD Kia Sportage Bluetooth Kenwood DDX814 2012 Fiat Blue&Me ALPINE iXA-W407 Digital Media Receiver Pioneer CD Receiver DEH-5400BT Clarion NX501 Kenwood DNX6190HD KGL Universal Bluetooth Car DVD (DULONG) Kenwood DNX7190HD Clarion MAX685BT Porsche Tooki Bluetooth Kenwood DNX9140 JVC CD/Bluetooth Receiver Model KD-BT1 Pioneer DEH-4500BT Kia Motors,"00:12:1C – PARROT S.A. 00:0B:24 – Airlogic 00:26:7E – Parrot SA 00:26:7E – Parrot SA 00:26:7E – Parrot SA 00:12:1C – PARROT S.A. 00:07:04 – ALPS Electric Co,. Ltd. 00:12:1C – PARROT S.A. 00:12:1C – PARROT S.A. 00:13:04 – Flaircomm Technologies Co. LTD 00:19:C1 – Alps Electric Co., Ltd 00:26:7E – Parrot SA 00:26:7E – Parrot SA 00:26:7E – Parrot SA 90:03:B7 – Parrot 90:03:B7 – Parrot 90:03:B7 – Parrot 00:26:7E – Parrot SA 00:12:1C – PARROT S.A. 00:26:7E – Parrot SA 00:26:7E – Parrot SA 00:12:1C – PARROT S.A. 90:03:B7 – Parrot 78:84:3C – Sony Corporation 54:42:49 – Sony Corporation 00:26:7E – Parrot SA 00:26:7E – Parrot SA 90:03:B7 – Parrot 00:12:1C – PARROT S.A. 00:1E:B2 – LG innotek 00:1A:80 – Sony Corporation 00:1E:B2 – LG innotek 90:03:B7 – Parrot 04:98:F3 – ALPS Electric Co,. Ltd. 00:26:7E – Parrot SA 00:26:7E – Parrot SA 90:03:B7 – Parrot 00:26:7E – Parrot S 00:26:7E – Parrot SA 90:03:B7 – Parrot 00:24:33 – Alps Electric Co., Ltd 00:26:7E – Parrot SA 00:1E:B2 – LG innotek 00:12:1C – PARROT S.A. 00:14:09 – MAGNETI MARELLI S.E. S.p.A. 00:12:1C – PARROT S.A. 00:26:7E – Parrot SA 00:26:7E – Parrot SA 00:26:7E – Parrot SA 00:13:04 – Flaircomm Technologies Co. LTD 90:03:B7 – PARROT 00:1E:3D – Alps Electric Co., Ltd 00:12:1C – PARROT S.A. 00:12:1C – PARROT S.A. 00:12:1C – PARROT S.A. 90:03:B7 – PARROT 00:1E:B2 – LG innotek"
18,0x380408,001110000000010000001000,"21,20,19 | 10 | 3Major Service Class CoD Bit 21: Audio (Speaker, Microphone, Headset service, …) CoD Bit 20: Object Transfer (v-Inbox, v-Folder, …) CoD Bit 19: Capturing (Scanner, Microphone, …) Major Device Class CoD Bits 10: Audio/Video (headset,speaker,stereo, video display, vcr…..) Minor Device Class CoD Bits 3: Hands-free Device",Hands-free DevicePulscom Bluetooth Dongle :Class 2 (CSR – bc4),"00:21:E8 – Murata Manufacturing Co., Ltd."
19,0x6a041c,011010100000010000011100,"22,21,19,17 | 10 | 4,3,2Major Service Class CoD Bit 22: Telephony (Cordless telephony, Modem, Headset service, …) CoD Bit 21: Audio (Speaker, Microphone, Headset service, …) CoD Bit 19: Capturing (Scanner, Microphone, …) CoD Bit 17: Networking (LAN, Ad hoc, …)Major Device Class CoD Bits 10: Audio/Video (headset,speaker,stereo, video display, vcr…) Minor Device Class CoD Bits 2,3,4: Portable Audio",Portable AudioiPad2 iPad2 iPad iPod touch iPod touch,"70:DE:E2 – Apple, Inc. A4:67:06 – Apple, Inc. 40:30:04 – Apple, Inc. 00:88:65 – Apple 8C:2D:AA – Apple Inc"
20,0x700404,011100000000010000000100,"22,21,20 | 10 | 2Major Service Class CoD Bit 22: Telephony (Cordless telephony, Modem, Headset service, …) CoD Bit 21: Audio (Speaker, Microphone, Headset service, …) CoD Bit 20: Object Transfer (v-Inbox, v-Folder, …) Major Device Class CoD Bits 10: Audio/Video (headset,speaker,stereo, video display, vcr…..) Minor Device Class CoD Bits 2: Wearable Headset Device",Wearable Headset DeviceUnknown AV Headset BlueAnt Supertooth 3 (ST3),"00:16:74 – EuroCB (Phils.), Inc. 00:16:74 – EuroCB (Phils.), Inc."
21,0x720408,011100100000010000001000,"13 | none | 7,6,5,4,3,2Major Service Class CoD Bit 22: Telephony (Cordless telephony, Modem, Headset service, …) CoD Bit 21: Audio (Speaker, Microphone, Headset service, …) CoD Bit 20: Object Transfer (v-Inbox, v-Folder, …) CoD Bit 17: Networking (LAN, Ad hoc, …) Major Device Class CoD Bits 10: Audio/Video (headset,speaker,stereo, video display, vcr…..) Minor Device Class CoD Bits 3: Hands-free Device",Hands-free DeviceMagellan GPS,00:40:D0 – MITAC INTERNATIONAL CORP.
22,0x722404,011100100010010000000100,"22,21,20,17,13 | 10 | 2Major Service Class CoD Bit 22: Telephony (Cordless telephony, Modem, Headset service, …) CoD Bit 21: Audio (Speaker, Microphone, Headset service, …) CoD Bit 20: Object Transfer (v-Inbox, v-Folder, …) CoD Bit 17: Networking (LAN, Ad hoc, …) CoD Bit 13: Limited Discoverable Mode [Ref #1] Major Device Class CoD Bits 10: Audio/Video (headset,speaker,stereo, video display, vcr…) Minor Device Class CoD Bits 2: Wearable Headset Device",Wearable Headset DeviceMagellan GPS,00:40:D0 – Mitac International Corp.
23,0x740408,011101000000010000001000,"22,21,20,18 | 10 | 3Major Service Class CoD Bit 22: Telephony (Cordless telephony, Modem, Headset service, …) CoD Bit 21: Audio (Speaker, Microphone, Headset service, …) CoD Bit 20: Object Transfer (v-Inbox, v-Folder, …) CoD Bit 18: Rendering (Printing, Speaker, …) Major Device Class CoD Bits 10: Audio/Video (headset,speaker,stereo, video display, vcr…..) Minor Device Class CoD Bits 3: Hands-free Device",Hands-free DeviceEonon Car DVD Player,00:13:04 – Flaircomm Technologies Co. LTD
24,0x760408,011101100000010000001000,"13 | none | 7,6,5,4,3,2Major Service Class CoD Bit 22: Telephony (Cordless telephony, Modem, Headset service, …) CoD Bit 21: Audio (Speaker, Microphone, Headset service, …) CoD Bit 20: Object Transfer (v-Inbox, v-Folder, …) CoD Bit 19: Capturing (Scanner, Microphone, …) CoD Bit 18: Rendering (Printing, Speaker, …) CoD Bit 17: Networking (LAN, Ad hoc, …) Major Device Class CoD Bits 10: Audio/Video (headset,speaker,stereo, video display, vcr…..) Minor Device Class CoD Bits 3: Hands-free Device",Hands-free DevicePorsche PCM (Porsche Communication Management System),00:0E:9F – TEMIC SDS GmbH
25,0xb16404,10110001011 0010000000100,"23,21,20,16,14,13 | 10 | 2Major Service Class CoD Bit 23: Information (WEB-server, WAP-server, …) CoD Bit 21: Audio (Speaker, Microphone, Headset service, …) CoD Bit 20: Object Transfer (v-Inbox, v-Folder, …) CoD Bit 16: Positioning (Location identification) CoD Bit 14: (reserved) CoD Bit 13: Limited Discoverable Mode [Ref #1] Major Device Class CoD Bits 10: Audio/Video (headset,speaker,stereo, video display, vcr…..) Minor Device Class CoD Bits 2: Wearable Headset Device",Wearable Headset DeviceUnknown Wearable Bluetooth Headset,00:08:E0 – ATO Technology Ltd.
26,0xb50404,101101010000010000000100,"23,21,20,18,16 | 10 | 2Major Service Class CoD Bit 23: Information (WEB-server, WAP-server, …) CoD Bit 21: Audio (Speaker, Microphone, Headset service, …) CoD Bit 20: Object Transfer (v-Inbox, v-Folder, …) CoD Bit 18: Rendering (Printing, Speaker, …) CoD Bit 16: Positioning (Location identification) Major Device Class CoD Bits 10: Audio/Video (headset,speaker,stereo, video display, vcr…..) Minor Device Class CoD Bits 2: Wearable Headset Device",Wearable Headset DeviceUnknown,00:08:E0 – ATO Technology Ltd.
27,0xb56404,101101010110010000000100,"23,21,20,18,16,14,13 | 10 | 2Major Service Class CoD Bit 23: Information (WEB-server, WAP-server, …) CoD Bit 21: Audio (Speaker, Microphone, Headset service, …) CoD Bit 20: Object Transfer (v-Inbox, v-Folder, …) CoD Bit 18: Rendering (Printing, Speaker, …) CoD Bit 16: Positioning (Location identification) CoD Bit 14: (reserved) CoD Bit 13: Limited Discoverable Mode [Ref #1] Major Device Class CoD Bits 10: Audio/Video (headset,speaker,stereo, video display, vcr…) Minor Device Class CoD Bit 2: Wearable Headset Device",Wearable Headset DeviceBluetooth Headset,00:08:E0 – ATO Technology Ltd.
28,0xf40404,111101000000010000000100,"23,22,21,20,18 | 10 | 3Major Service Class CoD Bit 23: Information (WEB-server, WAP-server, …) CoD Bit 22: Telephony (Cordless telephony, Modem, Headset service, …) CoD Bit 21: Audio (Speaker, Microphone, Headset service, …) CoD Bit 20: Object Transfer (v-Inbox, v-Folder, …) CoD Bit 18: Rendering (Printing, Speaker, …) Major Device Class CoD Bits 10: Audio/Video (headset,speaker,stereo, video display, vcr…..) Minor Device Class CoD Bits 3: Hands-free Device",Hands-free DeviceJVC Unit,"00:10:60 – BILLIONTON SYSTEMS, INC."
29,0xf62404,111101100010010000000100,"23,22,21,20,18,17,13 | 10 | 2Major Service Class CoD Bit 23: Information (WEB-server, WAP-server, …) CoD Bit 22: Telephony (Cordless telephony, Modem, Headset service, …) CoD Bit 21: Audio (Speaker, Microphone, Headset service, …) CoD Bit 20: Object Transfer (v-Inbox, v-Folder, …) CoD Bit 18: Rendering (Printing, Speaker, …) CoD Bit 17: Networking (LAN, Ad hoc, …) CoD Bit 13: Limited Discoverable Mode [Ref #1] Major Device Class CoD Bits 10: Audio/Video (headset,speaker,stereo, video display, vcr…) Minor Device Class CoD Bits 2: Wearable Headset Device",Wearable Headset DeviceUnknown,00:08:E0 – ATO Technology Ltd.
1,0x000508,00000000000001010000100,"none | 10,8 | 2Major Service Class none Major Device Class CoD Bits 8,10: Peripheral (mouse, joystick, keyboards, ….. ) Minor Device Class CoD Bits 2: Joystick",JoystickNintendo Wii Remote PLus Nintendo Wii U Pro Controller (Nintendo RVL-CNT-01-UC),"58:BD:A3 – Nintendo Co., Ltd. 40:F4:07 – Nintendo Co., Ltd."
2,0x000540,000000000000010101000000,"none | 10,8 | 6Major Service Class None Major Device Class CoD Bits 8,10: Peripheral (mouse, joystick, keyboards, ….. ) Minor Device Class CoD Bits 6: Keyboard CoD Bits 2,3,4,5 Set To None: Uncategorized Device",KeyboardGametel Portable Game Controller,"88:94:F9 – Gemicom Technology, Inc."
3,0x000584,000000000000010110000100,"17 | 10,8 | 7,2Major Service Class None Major Device Class CoD Bits 8,10: Peripheral (mouse, joystick, keyboards, ….. ) Minor Device Class CoD Bits 7: Pointing device CoD Bits 2: Joystick",JoystickZeemote JS1,00:1C:4D – Zeemote Technology Inc. (part of Aplix).
4,0x00250c,000000000010010100001100,"13 | 10,8 | 3,2Major Service Class CoD Bit 13: Limited Discoverable Mode [Ref #1] Major Device Class CoD Bits 8,10: Peripheral (mouse, joystick, keyboards, ….. ) Minor Device Class CoD Bits 2,3: Remote Control",Remote ControlPS3 BD Remote Control,"00:06:F5 – ALPS Co,. Ltd."
5,0x002540,000000000010010101000000,"13 | 10,8 | 6Major Service Class CoD Bit 13: Limited Discoverable Mode [Ref #1] Major Device Class CoD Bits 8,10: Peripheral (mouse, joystick, keyboards, ….. ) Minor Device Class CoD Bit 6: Keyboard",KeyboardIOGear Keyboard Broadcom Mobile Bluetooth Keybord for iPad2 Logitech K810 Belkin Bluetooth Keyboard Apple Wireless Keyboard,"00:18:A3 – StarBoard FX – Murata Manufacturing 20:11:0A – Unknown 00:1F:20 – Logitech Europe SA 00:02:76 – Primax Electronics Ltd. B8:F6:B1 – Apple, Inc."
6,0x002580,000000000010010110000000,"13 | 10,8 | 7Major Service Class CoD Bit 13: Limited Discoverable Mode [Ref #1] Major Device Class CoD Bits 8,10: Peripheral (mouse, joystick, keyboards, ….. ) Minor Device Class CoD Bits 7: Pointing Device CoD Bits 5,4,3,2 Set To 0: Uncategorized device",Pointing DeviceApple Magic Mouse Razer Orochi Targus Bluetooth Presenter for Maci (AMP11),"60:FB:42 – Apple, Inc 00:02:76 – Primax Electronics Ltd. 00:C0:DF – KYE Systems Corp."
7,0x002594,000000000010010110010100,"13 | 10,8 | 7,4,2Major Service Class CoD Bit 13: Limited Discoverable Mode [Ref #1] Major Device Class CoD Bits 8,10: Peripheral (mouse, joystick, keyboards, ….. ) Minor Device Class CoD Bits 7: Pointing device CoD Bits 2,4: Digitizer Tablet",Digitizer TabletApple Magic Trackpad,"60:C5:47 – Apple, Inc."
8,0x010500,000000010000010100000000,"16 | 10,8 | noneMajor Service Class CoD Bit 16: Positioning (Location identification) Major Device Class CoD Bits 8,10: Peripheral (mouse, joystick, keyboards, …) Minor Device Class CoD Bits 6,7 = 00: Not Keyboard / Not Pointing Device CoD Bits 2,3,4,5 = 0000: Uncategorized device",Smart PhoneUnknown Device,"00:A0:96 – MITSUMI ELECTRIC CO., LTD."
9,0x080500,000010000000010100000000,"18 | 10,8 | 7Major Service Class CoD Bit 18: Rendering (Printing, Speaker, …) Major Device Class CoD Bits 8,10: Peripheral (mouse, joystick, keyboards, ….. ) Minor Device Class CoD Bits 6,7 = 00: Not Keyboard / Not Pointing Device CoD Bits 2,3,4,5 = 00000: Uncategorized device",Uncategorized deviceStarBoard FX,00:0E:6D – Murata Manufacturing
1,0x040600,000001000000011000000000,"18 | 10,9 | noneMajor Service Class CoD Bit 18: Rendering (Printing, Speaker, …) Major Device Class CoD Bits 9,10: Imaging (printing, scanner, camera, display, …) Minor Device Class CoD Bits 2,3 Set to 0: Uncategorized, default","Uncategorized, defaultN465",00:12:F35 – connectBlue AB
2,0x040640,000001000000011001000000,"18 | 10,9 | 6Major Service Class CoD Bit 18: Rendering (Printing, Speaker, …) Major Device Class CoD Bits 9,10: Imaging (printing, scanner, camera, display, …) Minor Device Class CoD Bit 6: Scanner",ScannerVoyagerBT Scanner,00:0C:A7 – Metro (Suzhou) Techno
3,0x040680,000001000000011010000000,"18 | 10,9 | 7Major Service Class CoD Bit 18: Rendering (Printing, Speaker, …) Major Device Class CoD Bits 9,10: Imaging (printing, scanner, camera, display, …) Minor Device Class CoD Bit 7: Printer",PrinterBluetooth Combo Printer Adapter O-Neil Printer Datamax-O’Neil Apex 3 B/W Direct thermal printer(APEX3) Intermec PB42 Sony Ericsson XPERIA – MP01753 Woosim Bluetooth Printer with Mobile Technology Sony Color Digital Printer UP-DX100 PW50 Mobile Workboard Printer Datamax O’Neil Barcode Printer Intermec PW50 Mobile Workboard Printer Extech Printer Mobile Print PENTAX PocketJet Zebra Printer (XXRC10) MP03740 Printer O’Neil Printer (MP41007) Zebra RW 420 Mobile Printer (XXRC09) Zebra MZ 320 BT printer (XXXX09),"00:02:72 – CC&C Technologies 00:17:AC – O’Neil Product Development Inc. 00:12:F3 – connectBlue AB MITSUMI ELECTRIC CO., LTD. 00:17:AC – O’Neil Product Development Inc. 00:15:0E – OPENBRAIN TECHNOLOGIES CO., LTD. 00:A0:96 – MITSUMI ELECTRIC CO., LTD. 00:06:66 – Roving Networks 00:17:AC – O’Neil Product Development Inc. 00:06:66 – Roving Networks 00:12:F3 – connectBlue AB 00:03:7A – Taiyo Yuden Co., Ltd. 10:00:E8 – NATIONAL SEMICONDUCTOR 00:03:7A – Taiyo Yuden Co., Ltd. 00:17:AC – O’Neil Product Development Inc. 00:17:AC – O’Neil Product Development Inc. 00:22:58 – Taiyo Yuden Co., Ltd. 00:22:58 – Taiyo Yuden Co., Ltd."
4,0x080618,000010000000011000011000,"19 | 10,9 | 4,3Major Service Class CoD Bit 19: Capturing (Scanner, Microphone, …) Major Device Class CoD Bits 9,10: Imaging (printing, scanner, camera, display, …) Minor Device Class CoD Bit 3: Unknown Imaging CoD Bit 4: Display",DisplayZebra MZ320 Printer,"00:22:58 – Taiyo Yuden Co., Ltd."
5,0x140680,000101000000011010000000,"20,18 | 10,9 | 7Major Service Class CoD Bit 20: Object Transfer (v-Inbox, v-Folder, …) CoD Bit 18: Rendering (Printing, Speaker, …) Major Device Class CoD Bits 9,10: Imaging (printing, scanner, camera, display, …) Minor Device Class CoD Bit 7: Printer",PrinterHP DeskJet 995c O’Neil OC3 Portable Printer Unknown Photosmart C5500 series,"00:05:4E – Philips Components 00:03:7A – Taiyo Yuden Co., Ltd. 78:E7:D1 – Hewlett-Packard Company 00:1A:0E – Cheng Uei Precision Industry Co.,Ltd"
1,0x000704,000000000000011100000100,"none | 10,9,8 | 2Major Service Class none Major Device Class CoD Bits 8,9,10: Wearable Minor Device Class CoD Bits 2: Wrist Watch",Wrist WatchUnknown,00:06:66 – Roving Networks
2,0x240704,001001000000011100000100,"21,18 | 10,9,8 | 2Major Service Class CoD Bit 21: Audio (Speaker, Microphone, Headset service, …) CoD Bit 18: Rendering (Printing, Speaker, …) Major Device Class CoD Bits 8,9,10: Wearable Minor Device Class CoD Bits 2: Wrist Watch",Wrist WatchScosche myTREK – Wireless Pulse Monitor Unknown,"00:1D:DF – Sunitec Enterprise Co., Ltd. 00:06:66 – Roving Networks"
